1	вот	вот	PART	_	_	_	_	_	@yad1986-word#@yad1986#848.04#848.243
2	как	как	ADV	_	Degree=Pos	_	_	_	@yad1986-word#@yad1986#848.04#848.243
3	вы	вы	PRON	_	Case=Nom|Number=Plur|Person=2	_	_	_	@yad1986-word#@yad1986#848.243#848.446
4	считаете	считать	VERB	_	Aspect=Imp|Mood=Ind|Number=Plur|Person=2|Tense=Pres|VerbForm=Fin|Voice=Act	_	_	_	@yad1986-word#@yad1986#848.446#848.65
5	людям	человек	NOUN	_	Animacy=Anim|Case=Dat|Gender=Masc|Number=Plur	_	_	_	@yad1986-word#@yad1986#849.005#849.282
6	которые	который	SCONJ	_	_	_	_	_	@yad1986-word#@yad1986#849.282#849.559
7	живут	жить	VERB	_	Aspect=Imp|Mood=Ind|Number=Plur|Person=3|Tense=Pres|VerbForm=Fin|Voice=Act	_	_	_	@yad1986-word#@yad1986#849.559#849.836
8	в	в	ADP	_	_	_	_	_	@yad1986-word#@yad1986#849.836#850.113
9	России	Россия	PROPN	_	Animacy=Inan|Case=Loc|Gender=Fem|Number=Sing	_	_	_	@yad1986-word#@yad1986#850.113#850.39
10	к	к	INTJ	_	_	_	_	_	@yad1986-word#@yad1986#851.31#851.42
11	как	как	ADV	_	Degree=Pos	_	_	_	@yad1986-word#@yad1986#851.78#851.94
12	куда	куда	ADV	_	Degree=Pos	_	_	_	@yad1986-word#@yad1986#852.135#852.388
13	лучше	хорошо	ADJ	_	Degree=Cmp	_	_	_	@yad1986-word#@yad1986#852.388#852.641
14	отправлять	отправлять	VERB	_	Aspect=Imp|VerbForm=Inf|Voice=Act	_	_	_	@yad1986-word#@yad1986#852.641#852.894
15	детей	ребенок	NOUN	_	Animacy=Anim|Case=Acc|Gender=Masc|Number=Plur	_	_	_	@yad1986-word#@yad1986#852.894#853.147
16	?	?	PUNCT	_	_	_	_	_	@yad1986-word#@yad1986#853.147#853.4
17	ну	ну	PART	_	_	_	_	_	@yad1986-word#@yad1986#871.385#871.713
18	не	не	PART	_	_	_	_	_	@yad1986-word#@yad1986#871.713#872.041
19	все	весь	DET	_	Case=Acc|Number=Plur	_	_	_	@yad1986-word#@yad1986#872.041#872.369
20	принципы	принцип	NOUN	_	Animacy=Inan|Case=Acc|Gender=Masc|Number=Plur	_	_	_	@yad1986-word#@yad1986#872.369#872.697
21	жизни	жизнь	NOUN	_	Animacy=Inan|Case=Gen|Gender=Fem|Number=Sing	_	_	_	@yad1986-word#@yad1986#872.697#873.025
22	богатых	богатый	ADJ	_	Case=Gen|Degree=Pos|Number=Plur	_	_	_	@yad1986-word#@yad1986#873.025#873.353
23	людей	человек	NOUN	_	Animacy=Anim|Case=Gen|Gender=Masc|Number=Plur	_	_	_	@yad1986-word#@yad1986#873.353#873.681
24	мне	я	PRON	_	Case=Dat|Number=Sing|Person=1	_	_	_	@yad1986-word#@yad1986#873.681#874.009
25	близки	близкий	ADJ	_	Degree=Pos|Number=Plur|Variant=Short	_	_	_	@yad1986-word#@yad1986#874.009#874.345
26	не	не	PART	_	_	_	_	_	@yad1986-word#@yad1986#874.91#875.152
27	не	не	PART	_	_	_	_	_	@yad1986-word#@yad1986#875.152#875.394
28	не	не	PART	_	_	_	_	_	@yad1986-word#@yad1986#875.394#875.636
29	я	я	PRON	_	Case=Nom|Number=Sing|Person=1	_	_	_	@yad1986-word#@yad1986#875.636#875.878
30	серьезно	серьезно	ADV	_	Degree=Pos	_	_	_	@yad1986-word#@yad1986#875.878#876.12
31	нет	нет	PRED	_	_	_	_	_	@yad1986-word#@yad1986#876.12#876.362
32	нуу	ну	PART	_	_	_	_	_	@yad1986-word#@yad1986#876.362#876.604
33	грубо	грубо	ADV	_	Degree=Pos	_	_	_	@yad1986-word#@yad1986#876.604#876.846
34	говоря	говорить	VERB	_	Aspect=Imp|Tense=Pres|VerbForm=Conv|Voice=Act	_	_	_	@yad1986-word#@yad1986#876.846#877.088
35	жить	жить	VERB	_	Aspect=Imp|VerbForm=Inf|Voice=Act	_	_	_	@yad1986-word#@yad1986#877.088#877.33
36	и	и	CCONJ	_	_	_	_	_	@yad1986-word#@yad1986#877.33#877.572
37	делать	делать	VERB	_	Aspect=Imp|VerbForm=Inf|Voice=Act	_	_	_	@yad1986-word#@yad1986#877.572#877.814
38	бизнес	бизнес	NOUN	_	Animacy=Inan|Case=Acc|Gender=Masc|Number=Sing	_	_	_	@yad1986-word#@yad1986#877.814#878.056
39	в	в	ADP	_	_	_	_	_	@yad1986-word#@yad1986#878.056#878.298
40	России	Россия	PROPN	_	Animacy=Inan|Case=Loc|Gender=Fem|Number=Sing	_	_	_	@yad1986-word#@yad1986#878.298#878.54
41	аэээээ	эээ	INTJ	_	_	_	_	_	@yad1986-word#@yad1986#878.8#879.58
42	вся	весь	DET	_	Case=Nom|Gender=Fem|Number=Sing	_	_	_	@yad1986-word#@yad1986#879.695#879.953
43	твоя	твой	DET	_	Case=Nom|Gender=Fem|Number=Sing	_	_	_	@yad1986-word#@yad1986#879.953#880.211
44	семья	семья	NOUN	_	Animacy=Inan|Case=Nom|Gender=Fem|Number=Sing	_	_	_	@yad1986-word#@yad1986#880.211#880.469
45	живет	жить	VERB	_	Aspect=Imp|Mood=Ind|Number=Sing|Person=3|Tense=Pres|VerbForm=Fin|Voice=Act	_	_	_	@yad1986-word#@yad1986#880.469#880.727
46	на	на	ADP	_	_	_	_	_	@yad1986-word#@yad1986#880.727#880.985
47	Лазурке	Лазурка	PROPN	_	Animacy=Inan|Case=Loc|Gender=Fem|Number=Sing	_	_	_	@yad1986-word#@yad1986#880.985#881.245
48	это	это	PRON	_	Animacy=Inan|Case=Nom|Gender=Neut|Number=Sing	_	_	_	@yad1986-word#@yad1986#881.585#881.839
49	не	не	PART	_	_	_	_	_	@yad1986-word#@yad1986#881.839#882.093
50	близкая	близкий	ADJ	_	Case=Nom|Degree=Pos|Gender=Fem|Number=Sing	_	_	_	@yad1986-word#@yad1986#882.093#882.347
51	мне	я	PRON	_	Case=Dat|Number=Sing|Person=1	_	_	_	@yad1986-word#@yad1986#882.347#882.601
52	история	история	NOUN	_	Animacy=Inan|Case=Nom|Gender=Fem|Number=Sing	_	_	_	@yad1986-word#@yad1986#882.601#882.855
53	даже	даже	PART	_	_	_	_	_	@yad1986-word#@yad1986#882.855#883.109
54	если	если	SCONJ	_	_	_	_	_	@yad1986-word#@yad1986#883.109#883.363
55	представить	представить	VERB	_	Aspect=Perf|VerbForm=Inf|Voice=Act	_	_	_	@yad1986-word#@yad1986#883.363#883.617
56	что	что	SCONJ	_	_	_	_	_	@yad1986-word#@yad1986#883.617#883.871
57	можно	можно	PRED	_	_	_	_	_	@yad1986-word#@yad1986#883.871#884.125
58	это	это	PRON	_	Animacy=Inan|Case=Acc|Gender=Neut|Number=Sing	_	_	_	@yad1986-word#@yad1986#884.125#884.379
59	позволить	позволить	VERB	_	Aspect=Perf|VerbForm=Inf|Voice=Act	_	_	_	@yad1986-word#@yad1986#884.379#884.635
60	это	это	PRON	_	Animacy=Inan|Case=Nom|Gender=Neut|Number=Sing	_	_	_	@yad1986-word#@yad1986#895.585#895.788
61	правда	правда	NOUN	_	Animacy=Inan|Case=Nom|Gender=Fem|Number=Sing	_	_	_	@yad1986-word#@yad1986#895.788#895.991
62	да	да	PART	_	_	_	_	_	@yad1986-word#@yad1986#895.991#896.195
63	а	а	CCONJ	_	_	_	_	_	@yad1986-word#@yad1986#915.615#915.779
64	какой	какой	DET	_	Case=Nom|Gender=Masc|Number=Sing	_	_	_	@yad1986-word#@yad1986#915.779#915.943
65	порядок	порядок	NOUN	_	Animacy=Inan|Case=Nom|Gender=Masc|Number=Sing	_	_	_	@yad1986-word#@yad1986#915.943#916.107
66	цен	цена	NOUN	_	Animacy=Inan|Case=Gen|Gender=Fem|Number=Plur	_	_	_	@yad1986-word#@yad1986#916.107#916.271
67	?	?	PUNCT	_	_	_	_	_	@yad1986-word#@yad1986#916.271#916.435
68	и	и	CCONJ	_	_	_	_	_	@yad1986-word#@yad1986#927.285#927.614
69	это	это	PRON	_	Animacy=Inan|Case=Nom|Gender=Neut|Number=Sing	_	_	_	@yad1986-word#@yad1986#927.614#927.943
70	эээ	эээ	PART	_	_	_	_	_	@yad1986-word#@yad1986#927.943#928.272
71	уровня	уровень	NOUN	_	Animacy=Inan|Case=Gen|Gender=Masc|Number=Sing	_	_	_	@yad1986-word#@yad1986#928.272#928.601
72	того	то	PRON	_	Animacy=Inan|Case=Gen|Gender=Neut|Number=Sing	_	_	_	@yad1986-word#@yad1986#928.601#928.93
73	что	что	SCONJ	_	_	_	_	_	@yad1986-word#@yad1986#928.93#929.259
74	находится	находиться	VERB	_	Aspect=Imp|Mood=Ind|Number=Sing|Person=3|Tense=Pres|VerbForm=Fin|Voice=Mid	_	_	_	@yad1986-word#@yad1986#929.259#929.588
75	в	в	ADP	_	_	_	_	_	@yad1986-word#@yad1986#929.588#929.917
76	Кембридже	Кембридж	PROPN	_	Animacy=Inan|Case=Loc|Gender=Masc|Number=Sing	_	_	_	@yad1986-word#@yad1986#929.917#930.246
77	?	?	PUNCT	_	_	_	_	_	@yad1986-word#@yad1986#930.246#930.575
78	какая	какой	ADJ	_	Degree=Pos|Gender=Fem|Number=Sing	_	_	_	@yad1986-word#@yad1986#938.505#938.718
79	вероятность	вероятность	NOUN	_	Animacy=Inan|Case=Nom|Gender=Fem|Number=Sing	_	_	_	@yad1986-word#@yad1986#938.718#938.931
80	что	что	SCONJ	_	_	_	_	_	@yad1986-word#@yad1986#938.931#939.144
81	это	это	PRON	_	Animacy=Inan|Case=Nom|Gender=Neut|Number=Sing	_	_	_	@yad1986-word#@yad1986#939.144#939.357
82	окупится	окупиться	VERB	_	Aspect=Perf|Mood=Ind|Number=Sing|Person=3|Tense=Fut|VerbForm=Fin|Voice=Mid	_	_	_	@yad1986-word#@yad1986#939.357#939.57
83	?	?	PUNCT	_	_	_	_	_	@yad1986-word#@yad1986#939.57#939.785
84	вот	вот	PART	_	_	_	_	_	@yad1986-word#@yad1986#940.03#940.15
85	допустим	допустить	VERB	_	Aspect=Perf|Mood=Ind|Number=Plur|Person=1|Tense=Fut|VerbForm=Fin|Voice=Act	_	_	_	@yad1986-word#@yad1986#940.325#940.895
86	допустим	допустить	VERB	_	Aspect=Perf|Mood=Ind|Number=Plur|Person=1|Tense=Fut|VerbForm=Fin|Voice=Act	_	_	_	@yad1986-word#@yad1986#941.155#941.745
87	вот	вот	PART	_	_	_	_	_	@yad1986-word#@yad1986#942.265#942.405
88	ты	ты	PRON	_	Case=Nom|Number=Sing|Person=2	_	_	_	@yad1986-word#@yad1986#942.878#943.156
89	отправляешь	отправлять	VERB	_	Aspect=Imp|Mood=Ind|Number=Sing|Person=2|Tense=Pres|VerbForm=Fin|Voice=Act	_	_	_	@yad1986-word#@yad1986#943.156#943.434
90	ребенка	ребенок	NOUN	_	Animacy=Anim|Case=Acc|Gender=Masc|Number=Sing	_	_	_	@yad1986-word#@yad1986#943.434#943.712
91	туда	туда	ADV	_	Degree=Pos	_	_	_	@yad1986-word#@yad1986#943.712#943.99
92	тратишь	тратить	VERB	_	Aspect=Imp|Mood=Ind|Number=Sing|Person=2|Tense=Pres|VerbForm=Fin|Voice=Act	_	_	_	@yad1986-word#@yad1986#944.06#944.455
93	на	на	ADP	_	_	_	_	_	@yad1986-word#@yad1986#944.455#944.85
94	это	это	PRON	_	Animacy=Inan|Case=Acc|Gender=Neut|Number=Sing	_	_	_	@yad1986-word#@yad1986#944.85#945.245
95	триста	триста	NUM	_	Case=Nom	_	_	_	@yad1986-word#@yad1986#945.245#945.64
96	двадцать	двадцать	NUM		Case=Nom	_	_	_	@yad1986-word#@yad1986#945.245#945.65
97	эээ	эээ	INTJ	_	_	_	_	_	@yad1986-word#@yad1986#945.755#946.295
98	тысяч	тысяча	NOUN	_	Animacy=Inan|Case=Gen|Gender=Fem|Number=Plur	_	_	_	@yad1986-word#@yad1986#946.54#946.87
99	ээ	ээ	INTJ	_	_	_	_	_	
100	зелени	зелень	NOUN	_	Animacy=Inan|Case=Gen|Gender=Fem|Number=Sing	_	_	_	@yad1986-word#@yad1986#947.115#947.655
101	и	и	CCONJ	_	_	_	_	_	@yad1986-word#@yad1986#947.94#948.16
102	что	что	PRON	_	Case=Nom	_	_	_	@yad1986-word#@yad1986#948.725#948.903
103	дальше	далеко	ADV	_	Degree=Cmp	_	_	_	@yad1986-word#@yad1986#948.903#949.081
104	?	?	PUNCT	_	_	_	_	_	@yad1986-word#@yad1986#949.081#949.26
105	он	он	PRON	_	Case=Nom|Gender=Masc|Number=Sing|Person=3	_	_	_	@yad1986-word#@yad1986#949.64#949.857
106	открыт	открытый	ADJ	_	Degree=Pos|Gender=Masc|Number=Sing|Variant=Short	_	_	_	@yad1986-word#@yad1986#949.857#950.074
107	миру	мир	NOUN	_	Animacy=Inan|Case=Dat|Gender=Masc|Number=Sing	_	_	_	@yad1986-word#@yad1986#950.074#950.291
108	?	?	PUNCT	_	_	_	_	_	@yad1986-word#@yad1986#950.291#950.51
109	он	он	PRON	_	Case=Nom|Gender=Masc|Number=Sing|Person=3	_	_	_	@yad1986-word#@yad1986#950.71#950.981
110	может	мочь	VERB	_	Aspect=Imp|Mood=Ind|Number=Sing|Person=3|Tense=Pres|VerbForm=Fin|Voice=Act	_	_	_	@yad1986-word#@yad1986#950.981#951.252
111	он	он	PRON	_	Case=Nom|Gender=Masc|Number=Sing|Person=3	_	_	_	@yad1986-word#@yad1986#951.252#951.523
112	может	мочь	VERB	_	Aspect=Imp|Mood=Ind|Number=Sing|Person=3|Tense=Pres|VerbForm=Fin|Voice=Act	_	_	_	@yad1986-word#@yad1986#951.523#951.794
113	строить	строить	VERB	_	Aspect=Imp|VerbForm=Inf|Voice=Act	_	_	_	@yad1986-word#@yad1986#951.794#952.065
114	свою	свой	DET	_	Case=Acc|Gender=Fem|Number=Sing	_	_	_	@yad1986-word#@yad1986#952.065#952.336
115	карьеру	карьера	NOUN	_	Animacy=Inan|Case=Acc|Gender=Fem|Number=Sing	_	_	_	@yad1986-word#@yad1986#952.336#952.607
116	в	в	ADP	_	_	_	_	_	@yad1986-word#@yad1986#952.607#952.878
117	Штатах	Штаты	PROPN	_	Animacy=Inan|Case=Loc|Gender=Masc|Number=Plur	_	_	_	@yad1986-word#@yad1986#952.878#953.149
118	или	или	CCONJ	_	_	_	_	_	@yad1986-word#@yad1986#953.149#953.42
119	все	все	PART	_	_	_	_	_	@yad1986-word#@yad1986#953.42#953.7
120	вы	вы	PRON	_	Case=Nom|Number=Plur|Person=2	_	_	_	@yad1986-word#@yad1986#965.07#965.425
121	можете	мочь	VERB	_	Aspect=Imp|Mood=Ind|Number=Plur|Person=2|Tense=Pres|VerbForm=Fin|Voice=Act	_	_	_	@yad1986-word#@yad1986#965.425#965.78
122	описать	описать	VERB	_	Aspect=Perf|VerbForm=Inf|Voice=Act	_	_	_	@yad1986-word#@yad1986#965.78#966.135
123	свое	свой	DET	_	Case=Acc|Gender=Neut|Number=Sing	_	_	_	@yad1986-word#@yad1986#966.135#966.49
124	чувство	чувство	NOUN	_	Animacy=Inan|Case=Acc|Gender=Neut|Number=Sing	_	_	_	@yad1986-word#@yad1986#966.49#966.845
125	когда	когда	SCONJ	_	_	_	_	_	@yad1986-word#@yad1986#966.845#967.2
126	вы	вы	PRON	_	Case=Nom|Number=Plur|Person=2	_	_	_	@yad1986-word#@yad1986#967.26#967.426
127	выбирались	выбираться	VERB	_	Aspect=Imp|Mood=Ind|Number=Plur|Tense=Past|VerbForm=Fin|Voice=Act	_	_	_	@yad1986-word#@yad1986#967.426#967.592
128	?	?	PUNCT	_	_	_	_	_	@yad1986-word#@yad1986#967.592#967.76
129	вот	вот	PART	_	_	_	_	_	@yad1986-word#@yad1986#968.225#968.476
130	до	до	ADP	_	_	_	_	_	@yad1986-word#@yad1986#968.476#968.727
131	тех	тот	DET	_	Case=Gen|Number=Plur	_	_	_	@yad1986-word#@yad1986#968.727#968.978
132	пор	пора	NOUN	_	Animacy=Inan|Case=Gen|Gender=Fem|Number=Plur	_	_	_	@yad1986-word#@yad1986#968.978#969.229
133	пока	пока	ADV	_	Degree=Pos	_	_	_	@yad1986-word#@yad1986#969.229#969.48
134	самолет	самолет	NOUN	_	Animacy=Inan|Case=Nom|Gender=Masc|Number=Sing	_	_	_	@yad1986-word#@yad1986#969.48#969.731
135	не	не	PART	_	_	_	_	_	@yad1986-word#@yad1986#969.731#969.982
136	взлетел	взлететь	VERB	_	Aspect=Imp|Gender=Masc|Mood=Ind|Number=Sing|Tense=Past|VerbForm=Fin|Voice=Act	_	_	_	@yad1986-word#@yad1986#969.982#970.233
137	вам	вы	PRON	_	Case=Dat|Number=Plur|Person=2	_	_	_	@yad1986-word#@yad1986#970.233#970.484
138	было	быть	AUX	_	Aspect=Imp|Gender=Neut|Mood=Ind|Number=Sing|Tense=Past|VerbForm=Fin|Voice=Act	_	_	_	@yad1986-word#@yad1986#970.484#970.735
139	эээ	эээ	INTJ	_	_	_	_	_	@yad1986-word#@yad1986#971.345#971.55
140	волнительно	волнительный	ADJ	_	Degree=Pos|Gender=Neut|Number=Sing|Variant=Short	_	_	_	@yad1986-word#@yad1986#971.55#971.755
141	?	?	PUNTC	_	_	_	_	_	@yad1986-word#@yad1986#971.55#971.756
142	флажок	флажок	NOUN	_	Animacy=Inan|Case=Nom|Gender=Masc|Number=Sing	_	_	_	@yad1986-word#@yad1986#1054.855#1055.185
143	еще	еще	ADV	_	Degree=Pos	_	_	_	@yad1986-word#@yad1986#1100.15#1100.335
144	раз	раз	NOUN	_	Animacy=Inan|Case=Acc|Gender=Masc|Number=Sing	_	_	_	@yad1986-word#@yad1986#1100.335#1100.52
145	если	если	SCONJ	_	_	_	_	_	@yad1986-word#@yad1986#1100.52#1100.705
146	кто-то	кто-то	PRON	_	Case=Nom	_	_	_	@yad1986-word#@yad1986#1100.705#1100.89
147	не	не	PART	_	_	_	_	_	@yad1986-word#@yad1986#1101.075#1101.26
148	уловил	уловить	VERB	_	Aspect=Perf|Gender=Masc|Mood=Ind|Number=Sing|Tense=Past|VerbForm=Fin|Voice=Act	_	_	_	@yad1986-word#@yad1986#1101.26#1101.45
149	эээ	эээ	INTJ	_	_	_	_	_	@yad1986-word#@yad1986#1101.635#1101.901
150	отправной	отправная	ADJ	_	Case=Ins|Degree=Pos|Gender=Fem|Number=Sing	_	_	_	@yad1986-word#@yad1986#1101.901#1102.167
151	точкой	точка	NOUN	_	Animacy=Inan|Case=Ins|Gender=Fem|Number=Sing	_	_	_	@yad1986-word#@yad1986#1102.167#1102.433
152	было	быть	VERB	_	Aspect=Imp|Gender=Neut|Mood=Ind|Number=Sing|Tense=Past|VerbForm=Fin|Voice=Act	_	_	_	@yad1986-word#@yad1986#1102.433#1102.699
153	участие	участие	NOUN	_	Animacy=Inan|Case=Nom|Gender=Neut|Number=Sing	_	_	_	@yad1986-word#@yad1986#1102.699#1102.965
154	в	в	ADP	_	_	_	_	_	@yad1986-word#@yad1986#1102.965#1103.231
155	деле	дело	NOUN	_	Animacy=Inan|Case=Loc|Gender=Neut|Number=Sing	_	_	_	@yad1986-word#@yad1986#1103.231#1103.497
156	экспертов	эксперт	NOUN	_	Animacy=Anim|Case=Gen|Gender=Masc|Number=Plur	_	_	_	@yad1986-word#@yad1986#1104.029#1104.295
157	так	так	ADV	_	Degree=Pos	_	_	_	@yad1986-word#@yad1986#1104.7#1104.926
158	называемые	называть	VERB	_	Aspect=Imp|Case=Nom|Number=Plur|Tense=Pres|VerbForm=Part|Voice=Pass	_	_	_	@yad1986-word#@yad1986#1104.926#1105.152
159	дело 	дело 	NOUN	_	Animacy=Inan|Case=Nom|Gender=Neut|Number=Sing	_	_	_	@yad1986-word#@yad1986#1105.83#1106.06
160	экспертов	эксперт	NOUN	_	Animacy=Anim|Case=Gen|Gender=Masc|Number=Plur	_	_	_	@yad1986-word#@yad1986#1106.725#1107.003
161	понимаю	понимать	VERB	_	Aspect=Imp|Mood=Ind|Number=Sing|Person=1|Tense=Pres|VerbForm=Fin|Voice=Act	_	_	_	
162	что	что	SCONJ	_	_	_	_	_	@yad1986-word#@yad1986#1107.003#1107.281
163	вопрос	вопрос	NOUN	_	Animacy=Inan|Case=Nom|Gender=Masc|Number=Sing	_	_	_	@yad1986-word#@yad1986#1107.281#1107.559
164	звучит	звучать	VERB	_	Aspect=Imp|Mood=Ind|Number=Sing|Person=3|Tense=Pres|VerbForm=Fin|Voice=Act	_	_	_	@yad1986-word#@yad1986#1107.559#1107.837
165	странно	странно	ADV	_	Degree=Pos	_	_	_	@yad1986-word#@yad1986#1107.837#1108.115
166	но	но	CCONJ	_	_	_	_	_	@yad1986-word#@yad1986#1108.165#1108.405
167	все	все	PRON	_	Animacy=Inan|Case=Nom|Gender=Neut|Number=Sing	_	_	_	@yad1986-word#@yad1986#1108.55#1108.73
168	равно	равный	ADJ	_	Degree=Pos|Gender=Neut|Number=Sing|Variant=Short	_	_	_	@yad1986-word#@yad1986#1108.73#1108.91
169	вам	вы	PRON	_	Case=Dat|Number=Plur|Person=2	_	_	_	@yad1986-word#@yad1986#1109.495#1109.807
170	кто-нибудь	кто-нибудь	PRON	_	Case=Nom	_	_	_	@yad1986-word#@yad1986#1109.807#1110.119
171	предлагал	предлагать	VERB	_	Aspect=Imp|Gender=Masc|Mood=Ind|Number=Sing|Tense=Past|VerbForm=Fin|Voice=Act	_	_	_	@yad1986-word#@yad1986#1110.431#1110.743
172	деньги	деньги	NOUN	_	Animacy=Inan|Case=Acc|Gender=Fem|Number=Plur	_	_	_	@yad1986-word#@yad1986#1110.743#1111.055
173	за	за	ADP	_	_	_	_	_	@yad1986-word#@yad1986#1111.18#1111.61
174	мнение	мнение	NOUN	_	Animacy=Inan|Case=Acc|Gender=Neut|Number=Sing	_	_	_	@yad1986-word#@yad1986#1111.67#1112.39
175	по	по	ADP	_	_	_	_	_	@yad1986-word#@yad1986#1112.495#1112.637
176	этому	этот	DET	_	Case=Dat|Gender=Masc|Number=Sing	_	_	_	@yad1986-word#@yad1986#1112.637#1112.779
177	делу	дело	NOUN	_	Animacy=Inan|Case=Dat|Gender=Masc|Number=Sing	_	_	_	@yad1986-word#@yad1986#1113.063#1113.205
178	экспертов	эксперт	NOUN	_	Animacy=Anim|Case=Gen|Gender=Masc|Number=Plur	_	_	_	
179	?	?	PUNCT	_	_	_	_	_	@yad1986-word#@yad1986#1113.205#1113.35
180	а	а	CCONJ	_	_	_	_	_	@yad1986-word#@yad1986#1159.425#1159.584
181	какие	какой	DET	_	Case=Nom|Number=Plur	_	_	_	@yad1986-word#@yad1986#1159.584#1159.743
182	там	там	ADV	_	Degree=Pos	_	_	_	@yad1986-word#@yad1986#1159.743#1159.902
183	были	быть	VERB	_	Aspect=Imp|Mood=Ind|Number=Plur|Tense=Past|VerbForm=Fin|Voice=Act	_	_	_	@yad1986-word#@yad1986#1159.902#1160.061
184	деньги	деньги	NOUN	_	Animacy=Inan|Case=Nom|Gender=Fem|Number=Plur	_	_	_	@yad1986-word#@yad1986#1160.061#1160.22
185	?	?	PUNCT	_	_	_	_	_	@yad1986-word#@yad1986#1160.22#1160.38
186	по	по	ADP	_	_	_	_	_	@yad1986-word#@yad1986#1162.3#1162.553
187	тому	тот	DET	_	Case=Dat|Gender=Masc|Number=Sing	_	_	_	@yad1986-word#@yad1986#1162.553#1162.806
188	курсу	курс	NOUN	_	Animacy=Inan|Case=Dat|Gender=Masc|Number=Sing	_	_	_	@yad1986-word#@yad1986#1162.806#1163.059
189	полтора	полтора	NUM	_	Case=Acc|Gender=Masc	_	_	_	@yad1986-word#@yad1986#1163.059#1163.312
190	миллиона	миллион	NOUN	_	Animacy=Inan|Case=Gen|Gender=Masc|Number=Sing	_	_	_	@yad1986-word#@yad1986#1163.312#1163.565
191	рублей	рубль	NOUN	_	Animacy=Inan|Case=Gen|Gender=Masc|Number=Plur	_	_	_	@yad1986-word#@yad1986#1163.565#1163.82
192	угу	угу	PART	_	_	_	_	_	@yad1986-word#@yad1986#1164.96#1165.12
193	зависит	зависеть	VERB	_	Aspect=Imp|Mood=Ind|Number=Sing|Person=3|Tense=Pres|VerbForm=Fin|Voice=Act	_	_	_	@smg1971-word#@smg1971#854.24#854.54
194	от	от	ADP	_	_	_	_	_	@smg1971-word#@smg1971#854.54#854.84
195	того	то	PRON	_	Animacy=Inan|Case=Gen|Gender=Neut|Number=Sing	_	_	_	@smg1971-word#@smg1971#854.84#855.14
196	куда	куда	SCONJ	_	_	_	_	_	@smg1971-word#@smg1971#855.14#855.44
197	вы	вы	PRON	_	Case=Nom|Number=Plur|Person=2	_	_	_	@smg1971-word#@smg1971#855.44#855.74
198	можете	мочь	VERB	_	Aspect=Imp|Mood=Ind|Number=Plur|Person=2|Tense=Pres|VerbForm=Fin|Voice=Act	_	_	_	@smg1971-word#@smg1971#855.74#856.04
199	позволить	позволить	VERB	_	Aspect=Perf|VerbForm=Inf|Voice=Act	_	_	_	@smg1971-word#@smg1971#856.04#856.34
200	себе	себя	PRON	_	Case=Dat	_	_	_	@smg1971-word#@smg1971#856.34#856.64
201	отправить	отправить	VERB	_	Aspect=Perf|VerbForm=Inf|Voice=Act	_	_	_	@smg1971-word#@smg1971#856.64#856.94
202	детей	ребенок	NOUN	_	Animacy=Anim|Case=Acc|Gender=Masc|Number=Plur	_	_	_	@smg1971-word#@smg1971#856.94#857.24
203	но	но	CCONJ	_	_	_	_	_	@smg1971-word#@smg1971#857.65#858.06
204	в	в	ADP	_	Animacy=Inan|Case=Ins|Gender=Masc|Number=Sing	_	_	_	@smg1971-word#@smg1971#858.06#858.47
205	целом	целый	ADJ	_	Case=Loc|Degree=Pos|Gender=Masc|Number=Sing	_	_	_	
206	самые	самый	ADJ	_	Case=Nom|Degree=Pos|Number=Plur	_	_	_	@smg1971-word#@smg1971#858.47#858.88
207	лучшие	лучший	ADJ	_	Case=Nom|Degree=Pos|Number=Plur	_	_	_	@smg1971-word#@smg1971#858.88#859.29
208	университеты	университет	NOUN	_	Animacy=Inan|Case=Nom|Gender=Masc|Number=Plur 	_	_	_	@smg1971-word#@smg1971#859.29#859.7
209	это	это	PART	_	_	_	_	_	@smg1971-word#@smg1971#859.7#860.11
210	американские	американский	ADJ	_	Case=Nom|Degree=Pos|Number=Plur	_	_	_	
211	частные	частный	ADJ	_	Case=Nom|Degree=Pos|Number=Plur	_	_	_	@smg1971-word#@smg1971#860.11#860.52
212	университеты	университет	NOUN	_	Animacy=Inan|Case=Nom|Gender=Masc|Number=Plur 	_	_	_	@smg1971-word#@smg1971#860.52#860.93
213	и	и	CCONJ	_	_	_	_	_	@smg1971-word#@smg1971#861.415#861.655
214	на	на	ADP	_	_	_	_	_	@smg1971-word#@smg1971#862.23#862.51
215	ваш	ваш	DET	_	Case=Acc|Gender=Masc|Number=Sing	_	_	_	@smg1971-word#@smg1971#862.51#862.79
216	вопрос	вопрос	NOUN	_	Animacy=Inan|Case=Acc|Gender=Masc|Number=Sing	_	_	_	@smg1971-word#@smg1971#862.79#863.07
217	очень	очень	ADV	_	Degree=Pos	_	_	_	@smg1971-word#@smg1971#863.07#863.35
218	легко	легко	ADJ	_	Degree=Pos|Gender=Neut|Number=Sing|Variant=Short	_	_	_	@smg1971-word#@smg1971#863.35#863.63
219	ответить	ответить	VERB	_	Aspect=Perf|VerbForm=Inf|Voice=Act	_	_	_	@smg1971-word#@smg1971#863.63#863.91
220	вы	вы	PRON	_	Case=Nom|Number=Plur|Person=2	_	_	_	@smg1971-word#@smg1971#863.91#864.19
221	можете	мочь	VERB	_	Aspect=Imp|Mood=Ind|Number=Plur|Person=2|Tense=Pres|VerbForm=Fin|Voice=Act	_	_	_	@smg1971-word#@smg1971#864.19#864.47
222	посмотреть	посмотреть	VERB	_	Aspect=Perf|VerbForm=Inf|Voice=Act	_	_	_	@smg1971-word#@smg1971#864.47#864.75
223	на	на	ADP	_	_	_	_	_	@smg1971-word#@smg1971#865.055#865.342
224	то	то	DET	_	Animacy=Inan|Case=Acc|Gender=Neut|Number=Sing	_	_	_	@smg1971-word#@smg1971#865.342#865.629
225	куда	куда	SCONJ	_	_	_	_	_	@smg1971-word#@smg1971#865.629#865.916
226	отправляют	отправлять	VERB	_	Aspect=Imp|Mood=Ind|Number=Plur|Person=3|Tense=Pres|VerbForm=Fin|Voice=Act	_	_	_	@smg1971-word#@smg1971#865.916#866.205
227	детей	ребенок	NOUN	_	Animacy=Anim|Case=Acc|Gender=Masc|Number=Plur	_	_	_	@smg1971-word#@smg1971#866.435#866.705
228	учиться	учиться	VERB	_	Aspect=Imp|VerbForm=Inf|Voice=Mid	_	_	_	@smg1971-word#@smg1971#866.705#866.975
229	те	тот	DET	_	Case=Nom|Number=Plur	_	_	_	@smg1971-word#@smg1971#866.975#867.245
230	люди	человек	NOUN	_	Animacy=Anim|Case=Nom|Gender=Masc|Number=Plur	_	_	_	@smg1971-word#@smg1971#867.245#867.515
231	у	у	ADP	_	_	_	_	_	@smg1971-word#@smg1971#867.515#867.785
232	которых	который	SCONJ	_	_	_	_	_	@smg1971-word#@smg1971#867.785#868.055
233	есть	быть	VERB	_	Aspect=Imp|Mood=Ind|Number=Sing|Person=3|Tense=Pres|VerbForm=Fin|Voice=Act	_	_	_	@smg1971-word#@smg1971#868.055#868.325
234	выбор	выбор	NOUN	_	Animacy=Inan|Case=Nom|Gender=Masc|Number=Sing	_	_	_	@smg1971-word#@smg1971#868.325#868.595
235	богатые	богатый	ADJ	_	Case=Nom|Degree=Pos|Number=Plur	_	_	_	@smg1971-word#@smg1971#869.61#870.09
236	люди	человек	NOUN	_	Animacy=Anim|Case=Nom|Gender=Masc|Number=Plur	_	_	_	@smg1971-word#@smg1971#870.09#870.57
237	эээ	эээ	INTJ	_	_	_	_	_	@smg1971-word#@smg1971#871.025#871.335
238	#Смеется#	#Смеется#	X	_	_	_	_	_	@smg1971-word#@smg1971#874.355#874.895
239	я	я	PRON	_	Case=Nom|Number=Sing|Person=1	_	_	_	@smg1971-word#@smg1971#875.83#876.12
240	понимаю	понимать	VERB	_	Aspect=Imp|Mood=Ind|Number=Sing|Person=1|Tense=Pres|VerbForm=Fin|Voice=Act	_	_	_	@smg1971-word#@smg1971#876.12#876.41
241	я	я	PRON	_	Case=Nom|Number=Sing|Person=1	_	_	_	@smg1971-word#@smg1971#876.565#876.865
242	понимаю	понимать	VERB	_	Aspect=Imp|Mood=Ind|Number=Sing|Person=1|Tense=Pres|VerbForm=Fin|Voice=Act	_	_	_	@smg1971-word#@smg1971#876.865#877.165
243	хорошо	хорошо	ADV	_	Degree=Pos	_	_	_	@smg1971-word#@smg1971#882.815#883.165
244	хорошо	хорошо	ADV	_	Degree=Pos	_	_	_	@smg1971-word#@smg1971#884.785#885.345
245	ну	ну	PART	_	_	_	_	_	@smg1971-word#@smg1971#885.62#885.942
246	многие	многий	ADJ	_	Case=Nom|Degree=Pos|Number=Plur	_	_	_	@smg1971-word#@smg1971#885.942#886.264
247	богатые	богатый	ADJ	_	Case=Nom|Degree=Pos|Number=Plur	_	_	_	@smg1971-word#@smg1971#886.264#886.586
248	люди	человек	NOUN	_	Animacy=Anim|Case=Nom|Gender=Masc|Number=Plur	_	_	_	@smg1971-word#@smg1971#886.586#886.908
249	не	не	PART	_	_	_	_	_	@smg1971-word#@smg1971#886.908#887.23
250	только	только	PART	_	_	_	_	_	@smg1971-word#@smg1971#887.23#887.552
251	российские	российский	ADJ	_	Case=Nom|Degree=Pos|Number=Plur	_	_	_	@smg1971-word#@smg1971#887.552#887.88
252	эээ	эээ	INTJ	_	_	_	_	_	@smg1971-word#@smg1971#888.815#889.116
253	у	у	INTJ	_	_	_	_	_	@smg1971-word#@smg1971#889.116#889.417
254	эээ	эээ	INTJ	_	_	_	_	_	@smg1971-word#@smg1971#889.417#889.72
255	например	например	ADV	_	Degree=Pos	_	_	_	@smg1971-word#@smg1971#889.755#890.05
256	в	в	ADP	_	_	_	_	_	@smg1971-word#@smg1971#890.05#890.345
257	в	в	ADP	_	_	_	_	_	@smg1971-word#@smg1971#890.61#890.893
258	Европе	Европа	PROPN	_	Animacy=Inan|Case=Loc|Gender=Fem|Number=Sing	_	_	_	@smg1971-word#@smg1971#890.893#891.176
259	часто	часто	ADV	_	Degree=Pos	_	_	_	@smg1971-word#@smg1971#891.176#891.459
260	такая	такой	DET	_	Case=Nom|Gender=Fem|Number=Sing	_	_	_	@smg1971-word#@smg1971#891.459#891.742
261	идет	идти	VERB	_	Aspect=Imp|Mood=Ind|Number=Sing|Person=3|Tense=Pres|VerbForm=Fin|Voice=Act	_	_	_	@smg1971-word#@smg1971#891.742#892.025
262	дискуссия	дискуссия	NOUN	_	Animacy=Inan|Case=Nom|Gender=Fem|Number=Sing	_	_	_	@smg1971-word#@smg1971#892.025#892.308
263	что	что	SCONJ	_	_	_	_	_	@smg1971-word#@smg1971#892.308#892.591
264	Америка	Америка	PROPN	_	Animacy=Inan|Case=Nom|Gender=Fem|Number=Sing	_	_	_	@smg1971-word#@smg1971#892.591#892.874
265	это	это	PART	_	_	_	_	_	
266	такая	такой	DET	_	Case=Nom|Gender=Fem|Number=Sing	_	_	_	@smg1971-word#@smg1971#892.874#893.157
267	страна	страна	NOUN	_	Animacy=Inan|Case=Nom|Gender=Fem|Number=Sing	_	_	_	@smg1971-word#@smg1971#893.157#893.44
268	в	в	ADP	_	_	_	_	_	@smg1971-word#@smg1971#893.44#893.723
269	которой	который	SCONJ	_	_	_	_	_	@smg1971-word#@smg1971#893.723#894.006
270	много	много	ADV	_	Degree=Pos	_	_	_	@smg1971-word#@smg1971#894.006#894.289
271	проблем	проблема	NOUN	_	Animacy=Inan|Case=Gen|Gender=Fem|Number=Plur	_	_	_	@smg1971-word#@smg1971#894.289#894.572
272	и	и	CCONJ	_	_	_	_	_	@smg1971-word#@smg1971#894.572#894.855
273	это	это	PRON	_	Animacy=Inan|Case=Nom|Gender=Neut|Number=Sing	_	_	_	@smg1971-word#@smg1971#894.855#895.138
274	правда	правда	NOUN	_	Animacy=Inan|Case=Nom|Gender=Fem|Number=Sing	_	_	_	@smg1971-word#@smg1971#895.138#895.43
275	но	но	CCONJ	_	_	_	_	_	@smg1971-word#@smg1971#896.405#896.715
276	очень	очень	ADV	_	Degree=Pos	_	_	_	@smg1971-word#@smg1971#897.19#897.515
277	много	много	ADV	_	Degree=Pos	_	_	_	@smg1971-word#@smg1971#897.515#897.84
278	есть	быть	VERB	_	Aspect=Imp|Mood=Ind|Number=Plur|Person=3|Tense=Pres|VerbForm=Fin|Voice=Act	_	_	_	@smg1971-word#@smg1971#897.84#898.165
279	европейских	европейский	ADJ	_	Animacy=Anim|Case=Gen|Degree=Pos|Number=Plur	_	_	_	@smg1971-word#@smg1971#898.165#898.49
280	политиков	политик	NOUN	_	Animacy=Anim|Case=Gen|Gender=Masc|Number=Plur	_	_	_	@smg1971-word#@smg1971#898.49#898.815
281	которые	который	SCONJ	_	_	_	_	_	@smg1971-word#@smg1971#898.815#899.14
282	отправляют	отправлять	VERB	_	Aspect=Imp|Mood=Ind|Number=Plur|Person=3|Tense=Pres|VerbForm=Fin|Voice=Act	_	_	_	@smg1971-word#@smg1971#899.14#899.465
283	своих	свой	DET	_	Case=Acc|Number=Plur	_	_	_	@smg1971-word#@smg1971#899.465#899.79
284	детей	ребенок	NOUN	_	Animacy=Anim|Case=Acc|Gender=Masc|Number=Plur	_	_	_	@smg1971-word#@smg1971#899.79#900.115
285	учиться	учиться	VERB	_	Aspect=Imp|VerbForm=Inf|Voice=Mid	_	_	_	@smg1971-word#@smg1971#900.115#900.445
286	в	в	ADP	_	_	_	_	_	@smg1971-word#@smg1971#900.55#900.81
287	Америку	Америка	PROPN	_	Animacy=Inan|Case=Acc|Gender=Fem|Number=Sing	_	_	_	@smg1971-word#@smg1971#900.81#901.07
288	эээ	эээ	X	_	_	_	_	_	@smg1971-word#@smg1971#901.705#902.05
289	просто	просто	PART	_	_	_	_	_	@smg1971-word#@smg1971#902.05#902.395
290	потому	потому	ADV	_	Degree=Pos	_	_	_	@smg1971-word#@smg1971#902.395#902.74
291	что	что	SCONJ	_	_	_	_	_	@smg1971-word#@smg1971#902.74#903.085
292	американские	американский	ADJ	_	Case=Nom|Degree=Pos|Number=Plur	_	_	_	@smg1971-word#@smg1971#903.085#903.43
293	университеты	университет	NOUN	_	Animacy=Inan|Case=Nom|Gender=Masc|Number=Plur	_	_	_	@smg1971-word#@smg1971#903.43#903.775
294	лучше	хороший	ADJ	_	Degree=Cmp	_	_	_	@smg1971-word#@smg1971#903.855#904.155
295	другое	другой	ADJ	_	Case=Nom|Degree=Pos|Gender=Neut|Number=Sing	_	_	_	@smg1971-word#@smg1971#904.32#904.655
296	дело	дело	NOUN	_	Animacy=Inan|Case=Nom|Gender=Neut|Number=Sing	_	_	_	@smg1971-word#@smg1971#904.655#904.99
297	что	что	SCONJ	_	_	_	_	_	@smg1971-word#@smg1971#904.99#905.325
298	американские	американский	ADJ	_	Case=Nom|Degree=Pos|Number=Plur	_	_	_	@smg1971-word#@smg1971#905.325#905.66
299	унивеситеты	унивеситет	NOUN	_	Animacy=Inan|Case=Nom|Gender=Masc|Number=Plur	_	_	_	@smg1971-word#@smg1971#905.66#905.995
300	гораздо	гораздо	ADV	_	Degree=Pos	_	_	_	@smg1971-word#@smg1971#905.995#906.33
301	дороже	дорогой	ADJ	_	Degree=Cmp	_	_	_	@smg1971-word#@smg1971#906.33#906.67
302	и	и	CCONJ	_	_	_	_	_	@smg1971-word#@smg1971#907.33#907.595
303	это	это	PRON	_	Animacy=Inan|Case=Nom|Gender=Neut|Number=Sing	_	_	_	@smg1971-word#@smg1971#907.595#907.86
304	следующий	следующий	ADJ	_	Case=Nom|Degree=Pos|Gender=Masc|Number=Sing	_	_	_	@smg1971-word#@smg1971#907.86#908.125
305	вопрос	вопрос	NOUN	_	Animacy=Inan|Case=Nom|Gender=Masc|Number=Sing	_	_	_	@smg1971-word#@smg1971#908.125#908.39
306	если	если	SCONJ	_	_	_	_	_	@smg1971-word#@smg1971#908.555#908.935
307	ваш	ваш	DET	_	Case=Nom|Gender=Masc|Number=Sing	_	_	_	@smg1971-word#@smg1971#908.935#909.315
308	ребенок	ребенок	NOUN	_	Animacy=Anim|Case=Nom|Gender=Masc|Number=Sing	_	_	_	@smg1971-word#@smg1971#909.315#909.695
309	не	не	PART	_	_	_	_	_	@smg1971-word#@smg1971#909.695#910.075
310	получает	получать	VERB	_	Aspect=Imp|Mood=Ind|Number=Sing|Person=3|Tense=Pres|VerbForm=Fin|Voice=Act	_	_	_	@smg1971-word#@smg1971#910.075#910.455
311	стипендию	стипендия	NOUN	_	Animacy=Inan|Case=Acc|Gender=Fem|Number=Sing	_	_	_	@smg1971-word#@smg1971#910.455#910.835
312	то	то	SCONJ	_	_	_	_	_	@smg1971-word#@smg1971#911.6#911.99
313	может	мочь	VERB	_	Aspect=Imp|Mood=Ind|Number=Sing|Person=3|Tense=Pres|VerbForm=Fin|Voice=Act	_	_	_	@smg1971-word#@smg1971#912.05#912.286
314	оказаться	оказаться	VERB	_	Aspect=Perf|VerbForm=Inf|Voice=Mid	_	_	_	@smg1971-word#@smg1971#912.286#912.522
315	так	так	ADV	_	Degree=Pos	_	_	_	@smg1971-word#@smg1971#912.522#912.758
316	что	что	SCONJ	_	_	_	_	_	@smg1971-word#@smg1971#912.758#912.994
317	вам	вы	PRON	_	Case=Dat|Number=Plur|Person=2	_	_	_	@smg1971-word#@smg1971#912.994#913.23
318	просто	просто	PART	_	_	_	_	_	@smg1971-word#@smg1971#913.23#913.466
319	не	не	PART	_	_	_	_	_	@smg1971-word#@smg1971#913.466#913.702
320	по	по	ADP	_	_	_	_	_	@smg1971-word#@smg1971#913.702#913.938
321	карману	карман	NOUN	_	Animacy=Inan|Case=Dat|Gender=Masc|Number=Sing	_	_	_	@smg1971-word#@smg1971#913.938#914.18
322	американский	американский	ADJ	_	Case=Nom|Degree=Pos|Gender=Masc|Number=Sing	_	_	_	@smg1971-word#@smg1971#914.32#914.9
323	университет	университет	NOUN	_	Animacy=Inan|Case=Nom|Gender=Masc|Number=Sing	_	_	_	@smg1971-word#@smg1971#914.9#915.48
324	есть	быть	VERB	_	Aspect=Imp|Mood=Ind|Number=Sing|Person=3|Tense=Pres|VerbForm=Fin|Voice=Act	_	_	_	@smg1971-word#@smg1971#917.55#917.75
325	эээ	эээ	NOUN	_	Animacy=Inan|Case=Nom|Gender=Neut|Number=Sing	_	_	_	@smg1971-word#@smg1971#917.935#918.405
326	вузы	вуз	NOUN	_	Animacy=Inan|Case=Nom|Gender=Masc|Number=Plur	_	_	_	@smg1971-word#@smg1971#918.485#918.738
327	в	в	ADP	_	_	_	_	_	@smg1971-word#@smg1971#918.738#918.991
328	которых	который	SCONJ	_	_	_	_	_	@smg1971-word#@smg1971#918.991#919.245
329	эээ	эээ	NOUN	_	Case=Gen|Degree=Pos|Gender=Fem|Number=Sing	_	_	_	@smg1971-word#@smg1971#919.42#919.71
330	обучение	обучение	NOUN	_	Animacy=Inan|Case=Nom|Gender=Neut|Number=Sing	_	_	_	@smg1971-word#@smg1971#919.86#920.258
331	плюс	плюс	PART	_	_	_	_	_	@smg1971-word#@smg1971#920.258#920.656
332	проживание	проживание	NOUN	_	Animacy=Inan|Case=Nom|Gender=Neut|Number=Sing	_	_	_	@smg1971-word#@smg1971#920.656#921.054
333	стоит	стоить	VERB	_	Aspect=Imp|Mood=Ind|Number=Sing|Person=3|Tense=Pres|VerbForm=Fin|Voice=Act	_	_	_	@smg1971-word#@smg1971#921.054#921.452
334	восемьдесят	восемьдесят	NUM	_	Case=Nom	_	_	_	@smg1971-word#@smg1971#921.452#921.85
335	тысяч	тысяча	NOUN	_	Animacy=Inan|Case=Gen|Gender=Fem|Number=Plur	_	_	_	@smg1971-word#@smg1971#921.85#922.248
336	вгол…	вгол…	X	_	_	_	_	_	@smg1971-word#@smg1971#922.248#922.646
337	долларов	доллар	NOUN	_	Animacy=Inan|Case=Gen|Gender=Masc|Number=Plur				
338	в	в	ADP	_	_	_	_	_	@smg1971-word#@smg1971#922.646#923.044
339	год	год	NOUN	_	Animacy=Inan|Case=Acc|Gender=Masc|Number=Sing	_	_	_	@smg1971-word#@smg1971#923.044#923.45
340	и	и	CCONJ	_	_	_	_	_	@smg1971-word#@smg1971#923.615#923.936
341	соответственно	соответственно	ADV	_	Degree=Pos	_	_	_	@smg1971-word#@smg1971#923.936#924.257
342	четыре	четыре	NUM	_	Case=Nom	_	_	_	@smg1971-word#@smg1971#924.257#924.578
343	года	год	NOUN	_	Animacy=Inan|Case=Gen|Gender=Masc|Number=Sing	_	_	_	@smg1971-word#@smg1971#924.578#924.899
344	это	это	PRON	_	Animacy=Inan|Case=Nom|Gender=Neut|Number=Sing	_	_	_	@smg1971-word#@smg1971#924.899#925.22
345	становится	становиться	VERB	_	Aspect=Imp|Mood=Ind|Number=Sing|Person=3|Tense=Pres|VerbForm=Fin|Voice=Mid	_	_	_	@smg1971-word#@smg1971#925.22#925.545
346	большой	большой	ADJ	_	Case=Ins|Degree=Pos|Gender=Fem|Number=Sing	_	_	_	@smg1971-word#@smg1971#925.825#926.208
347	неподъемной	неподъемный	ADJ	_	Case=Ins|Degree=Pos|Gender=Fem|Number=Sing	_	_	_	@smg1971-word#@smg1971#926.208#926.591
348	суммой	сумма	NOUN	_	Animacy=Inan|Case=Ins|Gender=Fem|Number=Sing	_	_	_	@smg1971-word#@smg1971#926.591#926.975
349	американский	американский	ADJ	_	Case=Nom|Degree=Pos|Gender=Masc|Number=Sing	_	_	_	@smg1971-word#@smg1971#930.895#931.225
350	Кембридж	Кембридж	PROPN	_	Animacy=Inan|Case=Nom|Gender=Masc|Number=Sing	_	_	_	@smg1971-word#@smg1971#931.225#931.555
351	Гарвард	Гарвард	PROPN	_	Animacy=Inan|Case=Nom|Gender=Masc|Number=Sing	_	_	_	@smg1971-word#@smg1971#931.555#931.885
352	стоит	стоить	VERB	_	Aspect=Imp|Mood=Ind|Number=Sing|Person=3|Tense=Pres|VerbForm=Fin|Voice=Act	_	_	_	@smg1971-word#@smg1971#931.885#932.215
353	ну	ну	PART	_	_	_	_	_	@smg1971-word#@smg1971#932.215#932.545
354	вот	вот	PART	_	_	_	_	_	@smg1971-word#@smg1971#932.545#932.875
355	наверно	наверно	ADV	_	Degree=Pos	_	_	_	@smg1971-word#@smg1971#932.875#933.205
356	с	с	ADP	_	_	_	_	_	@smg1971-word#@smg1971#933.63#934.045
357	учетом	учет	NOUN	_	Animacy=Inan|Case=Ins|Gender=Masc|Number=Sing	_	_	_	@smg1971-word#@smg1971#934.045#934.46
358	проживания	проживание	NOUN	_	Animacy=Inan|Case=Gen|Gender=Neut|Number=Sing	_	_	_	@smg1971-word#@smg1971#934.46#934.875
359	там	там	PART	_	_	_	_	_	@smg1971-word#@smg1971#935.385#935.633
360	наверно	наверно	ADV	_	Degree=Pos	_	_	_	@smg1971-word#@smg1971#935.633#935.881
361	есть	быть	VERB	_	Aspect=Imp|Mood=Ind|Number=Plur|Person=3|Tense=Pres|VerbForm=Fin|Voice=Act	_	_	_	@smg1971-word#@smg1971#935.881#936.129
362	разные	разный	ADJ	_	Case=Nom|Degree=Pos|Number=Plur	_	_	_	@smg1971-word#@smg1971#936.129#936.377
363	программы	программа	NOUN	_	Animacy=Inan|Case=Nom|Gender=Fem|Number=Plur	_	_	_	@smg1971-word#@smg1971#936.377#936.625
364	но	но	CCONJ	_	_	_	_	_	@smg1971-word#@smg1971#936.625#936.873
365	вот	вот	PART	_	_	_	_	_	@smg1971-word#@smg1971#936.873#937.121
366	такие	такой	DET	_	Case=Nom|Number=Plur	_	_	_	@smg1971-word#@smg1971#937.121#937.369
367	такого	такой	DET	_	Case=Gen|Gender=Masc|Number=Sing	_	_	_	@smg1971-word#@smg1971#937.369#937.617
368	рода	род	NOUN	_	Animacy=Inan|Case=Gen|Gender=Masc|Number=Sing	_	_	_	@smg1971-word#@smg1971#937.617#937.865
369	суммы	сумма	NOUN	_	Animacy=Inan|Case=Nom|Gender=Fem|Number=Plur	_	_	_	@smg1971-word#@smg1971#937.865#938.115
370	да	да	PART	_	_	_	_	_	@smg1971-word#@smg1971#953.81#954.03
371	безусловно	безусловно	ADV	_	Degree=Pos	_	_	_	@smg1971-word#@smg1971#954.115#954.482
372	если	если	SCONJ	_	_	_	_	_	@smg1971-word#@smg1971#954.482#954.849
373	вы	вы	PRON	_	Case=Nom|Number=Plur|Person=2	_	_	_	@smg1971-word#@smg1971#954.849#955.216
374	закончили	закончить	VERB	_	Aspect=Perf|Mood=Ind|Number=Plur|Tense=Past|VerbForm=Fin|Voice=Act	_	_	_	@smg1971-word#@smg1971#955.216#955.583
375	американский	американский	ADJ	_	Animacy=Inan|Case=Acc|Degree=Pos|Gender=Masc|Number=Sing	_	_	_	@smg1971-word#@smg1971#955.583#955.95
376	университет	университет	NOUN	_	Animacy=Inan|Case=Acc|Gender=Masc|Number=Sing	_	_	_	@smg1971-word#@smg1971#955.95#956.317
377	вы	вы	PRON	_	Case=Nom|Number=Plur|Person=2	_	_	_	@smg1971-word#@smg1971#956.317#956.685
378	э	э	INTJ	_	_	_	_	_	@smg1971-word#@smg1971#957.215#957.487
379	в	в	ADP	_	_	_	_	_	@smg1971-word#@smg1971#957.487#957.759
380	этом	этот	DET	_	Case=Loc|Gender=Masc|Number=Sing	_	_	_	@smg1971-word#@smg1971#957.759#958.031
381	мире	мир	NOUN	_	Animacy=Inan|Case=Loc|Gender=Masc|Number=Sing	_	_	_	@smg1971-word#@smg1971#958.031#958.305
382	являетесь	являться	VERB	_	Aspect=Imp|Mood=Ind|Number=Plur|Person=2|Tense=Pres|VerbForm=Fin|Voice=Mid	_	_	_	@smg1971-word#@smg1971#959.005#959.368
383	человеком	человек	NOUN	_	Animacy=Anim|Case=Ins|Gender=Masc|Number=Sing	_	_	_	@smg1971-word#@smg1971#959.368#959.731
384	которому	который	SCONJ	_	_	_	_	_	@smg1971-word#@smg1971#959.731#960.094
385	открыты	открыть	VERB	_	Aspect=Perf|Number=Plur|Tense=Past|Variant=Short|VerbForm=Part|Voice=Pass	_	_	_	@smg1971-word#@smg1971#960.094#960.457
386	все	весь	DET	_	Case=Nom|Number=Plur	_	_	_	@smg1971-word#@smg1971#960.457#960.82
387	дороги	дорога	NOUN	_	Animacy=Inan|Case=Nom|Gender=Fem|Number=Plur	_	_	_	@smg1971-word#@smg1971#960.82#961.185
388	вы	вы	PRON	_	Case=Nom|Number=Plur|Person=2	_	_	_	@smg1971-word#@smg1971#972.725#973.006
389	знаете	знать	VERB	_	Aspect=Imp|Mood=Ind|Number=Plur|Person=2|Tense=Pres|VerbForm=Fin|Voice=Act	_	_	_	@smg1971-word#@smg1971#973.006#973.287
390	да	да	PART	_	_	_	_	_	@smg1971-word#@smg1971#973.287#973.568
391	на	на	ADP	_	_	_	_	_	@smg1971-word#@smg1971#973.568#973.849
392	самом	самый	ADJ	_	Case=Loc|Degree=Pos|Gender=Neut|Number=Sing	_	_	_	@smg1971-word#@smg1971#973.849#974.13
393	деле	дело	NOUN	_	Animacy=Inan|Case=Loc|Gender=Neut|Number=Sing	_	_	_	@smg1971-word#@smg1971#974.13#974.415
394	все	весь	DET	_	Case=Nom|Gender=Neut|Number=Sing	_	_	_	@smg1971-word#@smg1971#975.295#975.522
395	это	это	PRON	_	Animacy=Inan|Case=Nom|Gender=Neut|Number=Sing	_	_	_	@smg1971-word#@smg1971#975.522#975.749
396	было	быть	AUX	_	Aspect=Imp|Gender=Neut|Mood=Ind|Number=Sing|Tense=Past|VerbForm=Fin|Voice=Act	_	_	_	@smg1971-word#@smg1971#975.749#975.976
397	немножко	немножко	ADV	_	Degree=Pos	_	_	_	@smg1971-word#@smg1971#975.976#976.203
398	как	как	SCONJ	_	_	_	_	_	@smg1971-word#@smg1971#976.203#976.43
399	в	в	ADP	_	_	_	_	_	@smg1971-word#@smg1971#976.43#976.657
400	кино	кино	NOUN	_	Animacy=Inan|Case=Loc|Gender=Neut|Number=Sing	_	_	_	@smg1971-word#@smg1971#976.657#976.885
401	история	история	NOUN	_	Animacy=Inan|Case=Nom|Gender=Fem|Number=Sing	_	_	_	@smg1971-word#@smg1971#977.845#978.185
402	была	быть	AUX	_	Aspect=Imp|Gender=Fem|Mood=Ind|Number=Sing|Tense=Past|VerbForm=Fin|Voice=Act	_	_	_	@smg1971-word#@smg1971#978.185#978.525
403	такая	такой	DET	_	Case=Nom|Gender=Fem|Number=Sing	_	_	_	@smg1971-word#@smg1971#978.525#978.865
404	что	что	SCONJ	_	_	_	_	_	@smg1971-word#@smg1971#978.865#979.205
405	мои	мой	DET	_	Case=Nom|Number=Plur	_	_	_	@smg1971-word#@smg1971#979.52#979.92
406	дети	ребенок	NOUN	_	Animacy=Anim|Case=Nom|Gender=Masc|Number=Plur	_	_	_	@smg1971-word#@smg1971#979.92#980.32
407	поехали	поехать	VERB	_	Aspect=Perf|Mood=Ind|Number=Plur|Tense=Past|VerbForm=Fin|Voice=Act	_	_	_	@smg1971-word#@smg1971#980.32#980.72
408	с	с	ADP	_	_	_	_	_	@smg1971-word#@smg1971#980.72#981.12
409	моими	мой	DET	_	Case=Ins|Number=Plur	_	_	_	@smg1971-word#@smg1971#981.12#981.52
410	родителями	родитель	NOUN	_	Animacy=Anim|Case=Ins|Gender=Masc|Number=Plur	_	_	_	@smg1971-word#@smg1971#981.52#981.92
411	на	на	ADP	_	_	_	_	_	@smg1971-word#@smg1971#983.205#983.53
412	каникулы	каникулы	NOUN	_	Animacy=Inan|Case=Acc|Gender=Fem|Number=Plur	_	_	_	@smg1971-word#@smg1971#983.53#983.855
413	отдыхать	отдыхать	VERB	_	Aspect=Imp|VerbForm=Inf|Voice=Act	_	_	_	@smg1971-word#@smg1971#983.855#984.18
414	а	а	CCONJ	_	_	_	_	_	@smg1971-word#@smg1971#984.18#984.505
415	моя	мой	DET	_	Case=Nom|Gender=Fem|Number=Sing	_	_	_	@smg1971-word#@smg1971#984.505#984.83
416	жена	жена	NOUN	_	Animacy=Anim|Case=Nom|Gender=Fem|Number=Sing	_	_	_	@smg1971-word#@smg1971#984.83#985.155
417	приехала	приехать	VERB	_	Aspect=Perf|Gender=Fem|Mood=Ind|Number=Sing|Tense=Past|VerbForm=Fin|Voice=Act	_	_	_	@smg1971-word#@smg1971#985.155#985.485
418	ко	к	ADP	_	_	_	_	_	@smg1971-word#@smg1971#985.66#985.9
419	мне	я	PRON	_	Case=Dat|Number=Sing|Person=1	_	_	_	@smg1971-word#@smg1971#985.9#986.14
420	в	в	ADP	_	_	_	_	_	@smg1971-word#@smg1971#986.14#986.38
421	Москву	Москва	PROPN	_	Animacy=Inan|Case=Acc|Gender=Fem|Number=Sing	_	_	_	@smg1971-word#@smg1971#986.38#986.62
422	это	это	PRON	_	Animacy=Inan|Case=Nom|Gender=Neut|Number=Sing	_	_	_	@smg1971-word#@smg1971#987.185#987.58
423	было	быть	VERB	_	Aspect=Imp|Gender=Neut|Mood=Ind|Number=Sing|Tense=Past|VerbForm=Fin|Voice=Act	_	_	_	@smg1971-word#@smg1971#987.58#987.975
424	тридцатое	тридцатый	ADJ	_	Case=Nom|Degree=Pos|Gender=Neut|Number=Sing	_	_	_	@smg1971-word#@smg1971#987.975#988.37
425	апреля	апрель	NOUN	_	Animacy=Inan|Case=Gen|Gender=Masc|Number=Sing	_	_	_	@smg1971-word#@smg1971#988.37#988.765
426	и	и	CCONJ	_	_	_	_	_	@smg1971-word#@smg1971#989.0#989.236
427	она	она	PRON	_	Case=Nom|Gender=Fem|Number=Sing|Person=3	_	_	_	@smg1971-word#@smg1971#989.236#989.472
428	приехала	приехать	VERB	_	Aspect=Perf|Gender=Fem|Mood=Ind|Number=Sing|Tense=Past|VerbForm=Fin|Voice=Act	_	_	_	@smg1971-word#@smg1971#989.472#989.708
429	на	на	ADP	_	_	_	_	_	@smg1971-word#@smg1971#989.708#989.944
430	майские	майский	ADJ	_	Animacy=Inan|Case=Acc|Degree=Pos|Number=Plur	_	_	_	@smg1971-word#@smg1971#989.944#990.18
431	праздники	праздник	NOUN	_	Animacy=Inan|Case=Acc|Gender=Masc|Number=Plur	_	_	_	@smg1971-word#@smg1971#990.18#990.42
432	мы	мы	PRON	_	Case=Nom|Number=Plur|Person=1	_	_	_	@smg1971-word#@smg1971#990.785#991.133
433	собирались	собираться	VERB	_	Aspect=Imp|Mood=Ind|Number=Plur|Tense=Past|VerbForm=Fin|Voice=Mid	_	_	_	@smg1971-word#@smg1971#991.133#991.481
434	вместе	вместе	ADV	_	Degree=Pos	_	_	_	@smg1971-word#@smg1971#991.481#991.829
435	провести	провести	VERB	_	Aspect=Perf|VerbForm=Inf|Voice=Act	_	_	_	@smg1971-word#@smg1971#991.829#992.177
436	майские	майский	ADJ	_	Animacy=Inan|Case=Acc|Degree=Pos|Number=Plur	_	_	_	@smg1971-word#@smg1971#992.177#992.525
437	праздники	праздник	NOUN	_	Animacy=Inan|Case=Acc|Gender=Masc|Number=Plur	_	_	_	@smg1971-word#@smg1971#992.525#992.875
438	в	в	ADP	_	_	_	_	_	@smg1971-word#@smg1971#993.085#993.2
439	Москве	Москва	PROPN	_	Animacy=Inan|Case=Loc|Gender=Fem|Number=Sing	_	_	_	@smg1971-word#@smg1971#993.2#993.315
440	и	и	CCONJ	_	_	_	_	_	@smg1971-word#@smg1971#994.565#994.945
441	эээ	эээ	INTJ	_	_	_	_	_	@smg1971-word#@smg1971#995.32#995.7
442	когда	когда	SCONJ	_	_	_	_	_	@smg1971-word#@smg1971#996.12#996.402
443	я	я	PRON	_	Case=Nom|Number=Sing|Person=1	_	_	_	@smg1971-word#@smg1971#996.402#996.684
444	в	в	ADP	_	_	_	_	_	@smg1971-word#@smg1971#996.684#996.966
445	последний	последний	ADJ	_	Animacy=Inan|Case=Acc|Degree=Pos|Gender=Masc|Number=Sing	_	_	_	@smg1971-word#@smg1971#996.966#997.248
446	раз	раз	NOUN	_	Animacy=Inan|Case=Acc|Gender=Masc|Number=Sing	_	_	_	@smg1971-word#@smg1971#997.248#997.53
447	поехал	поехать	VERB	_	Aspect=Perf|Gender=Masc|Mood=Ind|Number=Sing|Tense=Past|VerbForm=Fin|Voice=Act	_	_	_	@smg1971-word#@smg1971#997.53#997.812
448	в	в	ADP	_	_	_	_	_	@smg1971-word#@smg1971#997.812#998.094
449	Москву	Москва	PROPN	_	Animacy=Inan|Case=Acc|Gender=Fem|Number=Sing	_	_	_	@smg1971-word#@smg1971#998.094#998.38
450	уже	уже	ADV	_	Degree=Pos	_	_	_	@smg1971-word#@smg1971#998.755#999.125
451	тогда	тогда	ADV	_	Degree=Pos	_	_	_	@smg1971-word#@smg1971#999.125#999.495
452	было	быть	AUX	_	Aspect=Imp|Gender=Neut|Mood=Ind|Number=Sing|Tense=Past|VerbForm=Fin|Voice=Act	_	_	_	@smg1971-word#@smg1971#999.495#999.865
453	неочевидно	неочевидный	ADJ	_	Degree=Pos|Gender=Neut|Number=Sing|Variant=Short	_	_	_	@smg1971-word#@smg1971#999.865#1000.235
454	что	что	SCONJ	_	_	_	_	_	@smg1971-word#@smg1971#1000.785#1001.015
455	мне	я	PRON	_	Case=Dat|Number=Sing|Person=1	_	_	_	@smg1971-word#@smg1971#1001.015#1001.245
456	стоит	стоит	PRED	_	_	_	_	_	@smg1971-word#@smg1971#1001.245#1001.475
457	эээ	эээ	INTJ	_	_	_	_	_	@smg1971-word#@smg1971#1001.475#1001.705
458	возвращаться	возвращаться	VERB	_	Aspect=Imp|VerbForm=Inf|Voice=Mid	_	_	_	@smg1971-word#@smg1971#1002.16#1002.5
459	в	в	ADP	_	_	_	_	_	@smg1971-word#@smg1971#1002.5#1002.84
460	Москву	Москва	PROPN	_	Animacy=Inan|Case=Acc|Gender=Fem|Number=Sing	_	_	_	@smg1971-word#@smg1971#1002.84#1003.18
461	и	и	CCONJ	_	_	_	_	_	@smg1971-word#@smg1971#1003.545#1003.718
462	моя	мой	DET	_	Case=Nom|Gender=Fem|Number=Sing	_	_	_	@smg1971-word#@smg1971#1003.718#1003.891
463	жена	жена	NOUN	_	Animacy=Anim|Case=Nom|Gender=Fem|Number=Sing	_	_	_	@smg1971-word#@smg1971#1003.891#1004.065
464	попросила	попросить	VERB	_	Aspect=Perf|Gender=Fem|Mood=Ind|Number=Sing|Tense=Past|VerbForm=Fin|Voice=Act	_	_	_	@smg1971-word#@smg1971#1004.55#1005.18
465	коммуницировать	коммуницировать	VERB	_	Aspect=Imp|VerbForm=Inf|Voice=Act	_	_	_	@smg1971-word#@smg1971#1005.615#1005.923
466	с	с	ADP	_	_	_	_	_	@smg1971-word#@smg1971#1005.923#1006.231
467	ней	она	PRON	_	Case=Ins|Gender=Fem|Number=Sing|Person=3	_	_	_	@smg1971-word#@smg1971#1006.231#1006.539
468	какими-то	какой-то	DET	_	Case=Ins|Number=Plur	_	_	_	@smg1971-word#@smg1971#1006.539#1006.847
469	кодами	код	NOUN	_	Animacy=Inan|Case=Ins|Gender=Masc|Number=Plur	_	_	_	@smg1971-word#@smg1971#1007.155#1007.465
470	вот	вот	PART	_	_	_	_	_	@smg1971-word#@smg1971#1008.43#1008.7
471	и	и	PART	_	_	_	_	_	@smg1971-word#@smg1971#1008.95#1009.205
472	выяснилось	выясниться	VERB	_	Aspect=Perf|Gender=Neut|Mood=Ind|Number=Sing|Tense=Past|VerbForm=Fin|Voice=Mid	_	_	_	@smg1971-word#@smg1971#1009.205#1009.46
473	что	что	SCONJ	_	_	_	_	_	@smg1971-word#@smg1971#1009.46#1009.715
474	мы	мы	PRON	_	Case=Nom|Number=Plur|Person=1	_	_	_	@smg1971-word#@smg1971#1009.715#1009.97
475	не	не	PART	_	_	_	_	_	@smg1971-word#@smg1971#1009.97#1010.225
476	смогли	смочь	VERB	_	Aspect=Perf|Mood=Ind|Number=Plur|Tense=Past|VerbForm=Fin|Voice=Act	_	_	_	@smg1971-word#@smg1971#1010.225#1010.48
477	договориться	договориться	VERB	_	Aspect=Perf|VerbForm=Inf|Voice=Mid	_	_	_	@smg1971-word#@smg1971#1010.48#1010.735
478	об	о	ADP	_	_	_	_	_	@smg1971-word#@smg1971#1010.735#1010.99
479	этих	этот	DET	_	Case=Loc|Number=Plur	_	_	_	@smg1971-word#@smg1971#1010.99#1011.245
480	кодах	код	NOUN	_	Animacy=Inan|Case=Loc|Gender=Masc|Number=Plur	_	_	_	@smg1971-word#@smg1971#1011.245#1011.5
481	то	то	PRON	_	Animacy=Inan|Case=Nom|Gender=Neut|Number=Sing	_	_	_	@smg1971-word#@smg1971#1011.5#1011.755
482	есть	быть	VERB	_	Aspect=Imp|Mood=Ind|Number=Sing|Person=3|Tense=Pres|VerbForm=Fin|Voice=Act	_	_	_	@smg1971-word#@smg1971#1011.755#1012.01
483	я	я	PRON	_	Case=Nom|Number=Sing|Person=1	_	_	_	@smg1971-word#@smg1971#1012.01#1012.265
484	ей	она	PRON	_	Case=Dat|Gender=Fem|Number=Sing|Person=3	_	_	_	@smg1971-word#@smg1971#1012.265#1012.52
485	послал	послать	VERB	_	Aspect=Perf|Gender=Masc|Mood=Ind|Number=Sing|Tense=Past|VerbForm=Fin|Voice=Act	_	_	_	@smg1971-word#@smg1971#1012.52#1012.775
486	какие-то	какой-то	DET	_	Case=Acc|Number=Plur	_	_	_	@smg1971-word#@smg1971#1012.775#1013.03
487	зашифрованные	зашифровать	VERB	_	Aspect=Perf|Case=Acc|Number=Plur|Tense=Past|VerbForm=Part|Voice=Pass	_	_	_	@smg1971-word#@smg1971#1013.615#1014.275
488	тексты	текст	NOUN	_	Animacy=Inan|Case=Acc|Gender=Masc|Number=Plur	_	_	_	@smg1971-word#@smg1971#1014.275#1014.935
489	и	и	CCONJ	_	_	_	_	_	@smg1971-word#@smg1971#1015.18#1015.441
490	она	она	PRON	_	Case=Nom|Gender=Fem|Number=Sing|Person=3	_	_	_	@smg1971-word#@smg1971#1015.441#1015.702
491	их	они	PRON	_	Case=Acc|Number=Plur|Person=3	_	_	_	@smg1971-word#@smg1971#1015.702#1015.963
492	интерпретировала	интерпретировать	VERB	_	Aspect=Perf|Gender=Fem|Mood=Ind|Number=Sing|Tense=Past|VerbForm=Fin|Voice=Act	_	_	_	@smg1971-word#@smg1971#1015.963#1016.224
493	не	не	PART	_	_	_	_	_	@smg1971-word#@smg1971#1016.224#1016.485
494	так	так	ADV	_	Degree=Pos	_	_	_	@smg1971-word#@smg1971#1016.485#1016.75
495	как	как	SCONJ	_	_	_	_	_	@smg1971-word#@smg1971#1017.42#1017.82
496	эээ	эээ	INTJ	_	_	_	_	_	@smg1971-word#@smg1971#1017.82#1018.22
497	я	я	PRON	_	Case=Nom|Number=Sing|Person=1	_	_	_	@smg1971-word#@smg1971#1018.305#1018.59
498	хотел	хотеть	VERB	_	Aspect=Imp|Gender=Masc|Mood=Ind|Number=Sing|Tense=Past|VerbForm=Fin|Voice=Act	_	_	_	@smg1971-word#@smg1971#1018.59#1018.875
499	чтобы	чтобы	SCONJ	_	_	_	_	_	@smg1971-word#@smg1971#1018.875#1019.16
500	она	она	PRON	_	Case=Nom|Gender=Fem|Number=Sing|Person=3	_	_	_	@smg1971-word#@smg1971#1019.16#1019.445
501	их	они	PRON	_	Case=Acc|Number=Plur|Person=3	_	_	_	@smg1971-word#@smg1971#1019.445#1019.73
502	интерпретировала	интерпретировать	VERB	_	Aspect=Perf|Gender=Fem|Mood=Ind|Number=Sing|Tense=Past|VerbForm=Fin|Voice=Act	_	_	_	@smg1971-word#@smg1971#1019.73#1020.02
503	поэтому	поэтому	ADV	_	Degree=Pos	_	_	_	@smg1971-word#@smg1971#1020.33#1020.685
504	когда	когда	SCONJ	_	_	_	_	_	@smg1971-word#@smg1971#1020.685#1021.04
505	я	я	PRON	_	Case=Nom|Number=Sing|Person=1	_	_	_	@smg1971-word#@smg1971#1021.54#1021.928
506	приехал	приехать	VERB	_	Aspect=Perf|Gender=Masc|Mood=Ind|Number=Sing|Tense=Past|VerbForm=Fin|Voice=Act	_	_	_	@smg1971-word#@smg1971#1021.928#1022.316
507	в	в	ADP	_	_	_	_	_	
508	аэропорт	аэропорт	NOUN	_	Animacy=Inan|Case=Acc|Gender=Masc|Number=Sing	_	_	_	@smg1971-word#@smg1971#1022.316#1022.704
509	ее	она	PRON	_	Case=Acc|Gender=Fem|Number=Sing|Person=3	_	_	_	@smg1971-word#@smg1971#1022.704#1023.092
510	встречать	встречать	VERB	_	Aspect=Imp|VerbForm=Inf|Voice=Act	_	_	_	@smg1971-word#@smg1971#1023.092#1023.48
511	я	я	PRON	_	Case=Nom|Number=Sing|Person=1	_	_	_	@smg1971-word#@smg1971#1023.655#1023.856
512	ей	она	PRON	_	Case=Dat|Gender=Fem|Number=Sing|Person=3	_	_	_	
513	сказал	сказать	VERB	_	Aspect=Perf|Gender=Masc|Mood=Ind|Number=Sing|Tense=Past|VerbForm=Fin|Voice=Act	_	_	_	@smg1971-word#@smg1971#1023.856#1024.057
514	ты	ты	PRON	_	Case=Nom|Number=Sing|Person=2	_	_	_	@smg1971-word#@smg1971#1024.057#1024.258
515	знаешь	знать	VERB	_	Aspect=Imp|Mood=Ind|Number=Sing|Person=2|Tense=Pres|VerbForm=Fin|Voice=Act	_	_	_	@smg1971-word#@smg1971#1024.258#1024.459
516	вот	вот	PART	_	_	_	_	_	@smg1971-word#@smg1971#1024.459#1024.66
517	я	я	PRON	_	Case=Nom|Number=Sing|Person=1	_	_	_	@smg1971-word#@smg1971#1025.41#1025.722
518	тебя	ты	PRON	_	Case=Acc|Number=Sing|Person=2	_	_	_	@smg1971-word#@smg1971#1025.722#1026.034
519	встречаю	встречать	VERB	_	Aspect=Imp|Mood=Ind|Number=Sing|Person=1|Tense=Pres|VerbForm=Fin|Voice=Act	_	_	_	@smg1971-word#@smg1971#1026.034#1026.346
520	а	а	CCONJ	_	_	_	_	_	@smg1971-word#@smg1971#1026.346#1026.658
521	через	через	ADP	_	_	_	_	_	@smg1971-word#@smg1971#1026.658#1026.97
522	два	два	NUM	_	Animacy=Inan|Case=Acc|Gender=Masc	_	_	_	@smg1971-word#@smg1971#1026.97#1027.282
523	часа	час	NOUN	_	Animacy=Inan|Case=Gen|Gender=Masc|Number=Sing	_	_	_	@smg1971-word#@smg1971#1027.282#1027.594
524	я	я	PRON	_	Case=Nom|Number=Sing|Person=1	_	_	_	@smg1971-word#@smg1971#1027.594#1027.906
525	уезжаю	уезжать	VERB	_	Aspect=Imp|Mood=Ind|Number=Sing|Person=1|Tense=Pres|VerbForm=Fin|Voice=Act	_	_	_	@smg1971-word#@smg1971#1027.906#1028.218
526	в	в	ADP	_	_	_	_	_	@smg1971-word#@smg1971#1028.218#1028.53
527	из	из	ADP	_	_	_	_	_	
528	Москвы	Москва	PROPN	_	Animacy=Inan|Case=Gen|Gender=Fem|Number=Sing	_	_	_	@smg1971-word#@smg1971#1028.53#1028.842
529	навсегда	навсегда	ADV	_	Degree=Pos	_	_	_	@smg1971-word#@smg1971#1028.842#1029.165
530	это	это	PRON	_	Animacy=Inan|Case=Nom|Gender=Neut|Number=Sing	_	_	_	@smg1971-word#@smg1971#1029.66#1030.072
531	выглядело	выглядеть	VERB	_	Aspect=Imp|Gender=Neut|Mood=Ind|Number=Sing|Tense=Past|VerbForm=Fin|Voice=Act	_	_	_	@smg1971-word#@smg1971#1030.072#1030.484
532	немножко	немножко	ADV	_	Degree=Pos	_	_	_	@smg1971-word#@smg1971#1030.484#1030.896
533	слишком	слишком	ADV	_	Degree=Pos	_	_	_	@smg1971-word#@smg1971#1030.896#1031.308
534	драматично	драматично	ADV	_	Degree=Pos	_	_	_	@smg1971-word#@smg1971#1031.308#1031.72
535	то	то	PRON	_	Animacy=Inan|Case=Nom|Gender=Neut|Number=Sing	_	_	_	@smg1971-word#@smg1971#1031.785#1031.972
536	есть	быть	VERB	_	Aspect=Imp|Mood=Ind|Number=Sing|Person=3|Tense=Pres|VerbForm=Fin|Voice=Act	_	_	_	@smg1971-word#@smg1971#1031.972#1032.159
537	она	она	PRON	_	Case=Nom|Gender=Fem|Number=Sing|Person=3	_	_	_	@smg1971-word#@smg1971#1032.159#1032.346
538	не	не	PART	_	_	_	_	_	@smg1971-word#@smg1971#1032.346#1032.533
539	имела	иметь	VERB	_	Aspect=Imp|Gender=Fem|Mood=Ind|Number=Sing|Tense=Past|VerbForm=Fin|Voice=Act	_	_	_	@smg1971-word#@smg1971#1032.533#1032.72
540	об	о	ADP	_	_	_	_	_	@smg1971-word#@smg1971#1032.72#1032.907
541	этом	этот	PRON	_	Animacy=Inan|Case=Loc|Gender=Neut|Number=Sing	_	_	_	@smg1971-word#@smg1971#1032.907#1033.094
542	представления	представление	NOUN	_	Animacy=Inan|Case=Gen|Gender=Neut|Number=Plur	_	_	_	@smg1971-word#@smg1971#1033.094#1033.281
543	мы	мы	PRON	_	Case=Nom|Number=Plur|Person=1	_	_	_	@smg1971-word#@smg1971#1033.281#1033.468
544	провели	провести	VERB	_	Aspect=Perf|Mood=Ind|Number=Plur|Tense=Past|VerbForm=Fin|Voice=Act	_	_	_	@smg1971-word#@smg1971#1033.468#1033.655
545	с	с	ADP	_	_	_	_	_	@smg1971-word#@smg1971#1033.655#1033.842
546	ней	она	PRON	_	Case=Ins|Gender=Fem|Number=Sing|Person=3	_	_	_	@smg1971-word#@smg1971#1033.842#1034.035
547	пару	пара	NOUN	_	Animacy=Inan|Case=Acc|Gender=Fem|Number=Sing	_	_	_	@smg1971-word#@smg1971#1034.445#1034.765
548	часов	час	NOUN	_	Animacy=Inan|Case=Gen|Gender=Masc|Number=Plur	_	_	_	@smg1971-word#@smg1971#1034.765#1035.085
549	в	в	ADP	_	_	_	_	_	@smg1971-word#@smg1971#1035.17#1035.58
550	кафе	кафе	NOUN	_	Animacy=Inan|Case=Loc|Gender=Neut|Number=Sing	_	_	_	@smg1971-word#@smg1971#1036.11#1036.58
551	в	в	ADP	_	_	_	_	_	@smg1971-word#@smg1971#1036.75#1037.11
552	аэропорту	аэропорт	NOUN	_	Animacy=Inan|Case=Loc|Gender=Masc|Number=Sing	_	_	_	@smg1971-word#@smg1971#1037.11#1037.47
553	обсудили	обсудить	VERB	_	Aspect=Perf|Mood=Ind|Number=Plur|Tense=Past|VerbForm=Fin|Voice=Act	_	_	_	@smg1971-word#@smg1971#1037.58#1038.25
554	всю	весь	DET	_	Case=Acc|Gender=Fem|Number=Sing	_	_	_	@smg1971-word#@smg1971#1038.9#1039.24
555	жизнь	жизнь	NOUN	_	Animacy=Inan|Case=Acc|Gender=Fem|Number=Sing	_	_	_	@smg1971-word#@smg1971#1039.24#1039.58
556	и	и	CCONJ	_	_	_	_	_	@smg1971-word#@smg1971#1039.58#1039.92
557	конечно	конечно	ADV	_	Degree=Pos	_	_	_	@smg1971-word#@smg1971#1039.92#1040.26
558	и	и	CCONJ	_	_	_	_	_	@smg1971-word#@smg1971#1040.345#1040.553
559	она	она	PRON	_	Case=Nom|Gender=Fem|Number=Sing|Person=3	_	_	_	@smg1971-word#@smg1971#1040.553#1040.761
560	и	и	CCONJ	_	_	_	_	_	@smg1971-word#@smg1971#1040.761#1040.969
561	я	я	PRON	_	Case=Nom|Number=Sing|Person=1	_	_	_	@smg1971-word#@smg1971#1040.969#1041.18
562	думали	думать	VERB	_	Aspect=Imp|Mood=Ind|Number=Plur|Tense=Past|VerbForm=Fin|Voice=Act	_	_	_	@smg1971-word#@smg1971#1041.49#1041.792
563	что	что	SCONJ	_	_	_	_	_	@smg1971-word#@smg1971#1041.792#1042.094
564	делать	делать	VERB	_	Aspect=Imp|VerbForm=Inf|Voice=Act	_	_	_	@smg1971-word#@smg1971#1042.094#1042.396
565	если	если	SCONJ	_	_	_	_	_	@smg1971-word#@smg1971#1042.396#1042.698
566	меня	я	PRON	_	Case=Acc|Number=Sing|Person=1	_	_	_	@smg1971-word#@smg1971#1042.698#1043.0
567	не	не	PART	_	_	_	_	_	@smg1971-word#@smg1971#1043.0#1043.302
568	выпустят	выпустить	VERB	_	Aspect=Perf|Mood=Ind|Number=Plur|Person=3|Tense=Fut|VerbForm=Fin|Voice=Act	_	_	_	@smg1971-word#@smg1971#1043.302#1043.61
569	а	а	CCONJ	_	_	_	_	_	@smg1971-word#@smg1971#1043.93#1044.2
570	вы	вы	PRON	_	Case=Nom|Number=Plur|Person=2	_	_	_	@smg1971-word#@smg1971#1044.2#1044.47
571	знаете	знать	VERB	_	Aspect=Imp|Mood=Ind|Number=Plur|Person=2|Tense=Pres|VerbForm=Fin|Voice=Act	_	_	_	@smg1971-word#@smg1971#1044.47#1044.74
572	уже	уже	ADV	_	Degree=Pos	_	_	_	@smg1971-word#@smg1971#1044.74#1045.01
573	несколько	несколько	NUM	_	Animacy=Inan|Case=Acc	_	_	_	@smg1971-word#@smg1971#1045.01#1045.28
574	месяцев	месяц	NOUN	_	Animacy=Inan|Case=Gen|Gender=Masc|Number=Plur	_	_	_	@smg1971-word#@smg1971#1045.28#1045.55
575	до	до	ADP	_	_	_	_	_	@smg1971-word#@smg1971#1045.55#1045.82
576	этого	это	DET	_	Animacy=Inan|Case=Gen|Gender=Neut|Number=Sing	_	_	_	@smg1971-word#@smg1971#1045.82#1046.09
577	и	и	CCONJ	_	_	_	_	_	@smg1971-word#@smg1971#1046.625#1046.815
578	она	она	PRON	_	Case=Nom|Gender=Fem|Number=Sing|Person=3	_	_	_	@smg1971-word#@smg1971#1046.815#1047.005
579	и	и	CCONJ	_	_	_	_	_	@smg1971-word#@smg1971#1047.005#1047.195
580	я	я	PRON	_	Case=Nom|Number=Sing|Person=1	_	_	_	@smg1971-word#@smg1971#1047.195#1047.385
581	эээ	эээ	INTJ	_	_	_	_	_	@smg1971-word#@smg1971#1047.76#1048.02
582	сталкивались	сталкиваться	VERB	_	Aspect=Imp|Mood=Ind|Number=Plur|Tense=Past|VerbForm=Fin|Voice=Mid	_	_	_	@smg1971-word#@smg1971#1048.325#1048.692
583	с	с	ADP	_	_	_	_	_	@smg1971-word#@smg1971#1048.692#1049.059
584	этим	этот	DET	_	Animacy=Inan|Case=Ins|Gender=Neut|Number=Sing	_	_	_	@smg1971-word#@smg1971#1049.059#1049.426
585	самым	самый	ADJ	_	Case=Ins|Degree=Pos|Gender=Neut|Number=Sing	_	_	_	@smg1971-word#@smg1971#1049.426#1049.795
586	сторожок	сторожок	NOUN	_	Animacy=Anim|Case=Nom|Gender=Masc|Number=Sing	_	_	_	@smg1971-word#@smg1971#1050.565#1050.858
587	это	это	DET	_	Animacy=Inan|Case=Nom|Gender=Neut|Number=Sing	_	_	_	@smg1971-word#@smg1971#1050.858#1051.151
588	называется	называться	VERB	_	Aspect=Imp|Mood=Ind|Number=Sing|Person=3|Tense=Pres|VerbForm=Fin|Voice=Mid	_	_	_	@smg1971-word#@smg1971#1051.151#1051.444
589	по-русски	по-русски	ADV	_	Degree=Pos	_	_	_	@smg1971-word#@smg1971#1051.444#1051.737
590	да	да	PART	_	_	_	_	_	@smg1971-word#@smg1971#1052.03#1052.323
591	?	?	PUNCT	_	_	_	_	_	@smg1971-word#@smg1971#1052.323#1052.616
592	какой-то	какой-то	DET	_	Case=Nom|Gender=Masc|Number=Sing	_	_	_	@smg1971-word#@smg1971#1052.616#1052.909
593	какая-то	какой-то	DET	_	Case=Nom|Gender=Fem|Number=Sing	_	_	_	@smg1971-word#@smg1971#1053.202#1053.495
594	отметка	отметка	NOUN	_	Animacy=Inan|Case=Nom|Gender=Fem|Number=Sing	_	_	_	@smg1971-word#@smg1971#1053.788#1054.081
595	к	к	X	_	_	_	_	_	@smg1971-word#@smg1971#1054.081#1054.375
596	флажок	флажок	NOUN	_	Animacy=Inan|Case=Nom|Gender=Masc|Number=Plur	_	_	_	@smg1971-word#@smg1971#1055.425#1055.935
597	да	да	PART	_	_	_	_	_	@smg1971-word#@smg1971#1056.155#1056.405
598	это	это	DET	_	Animacy=Inan|Case=Nom|Gender=Neut|Number=Sing	_	_	_	@smg1971-word#@smg1971#1056.815#1057.143
599	когда	когда	SCONJ	_	_	_	_	_	@smg1971-word#@smg1971#1057.143#1057.471
600	вы	вы	PRON	_	Case=Nom|Number=Plur|Person=2	_	_	_	@smg1971-word#@smg1971#1057.471#1057.799
601	прилетаете	прилетать	VERB	_	Aspect=Imp|Mood=Ind|Number=Plur|Person=2|Tense=Pres|VerbForm=Fin|Voice=Act	_	_	_	@smg1971-word#@smg1971#1057.799#1058.127
602	в	в	ADP	_	_	_	_	_	@smg1971-word#@smg1971#1058.127#1058.455
603	страну	страна	NOUN	_	Animacy=Inan|Case=Acc|Gender=Fem|Number=Sing	_	_	_	@smg1971-word#@smg1971#1058.455#1058.783
604	или	или	CCONJ	_	_	_	_	_	@smg1971-word#@smg1971#1058.783#1059.111
605	улетаете	улетать	VERB	_	Aspect=Imp|Mood=Ind|Number=Plur|Person=2|Tense=Pres|VerbForm=Fin|Voice=Act	_	_	_	@smg1971-word#@smg1971#1059.111#1059.439
606	из	из	ADP	_	_	_	_	_	@smg1971-word#@smg1971#1059.439#1059.767
607	страны	страна	NOUN	_	Animacy=Inan|Case=Gen|Gender=Fem|Number=Sing	_	_	_	@smg1971-word#@smg1971#1059.767#1060.095
608	пограничник	пограничник	NOUN	_	Animacy=Anim|Case=Nom|Gender=Masc|Number=Sing	_	_	_	@smg1971-word#@smg1971#1060.095#1060.425
609	вбивает	вбивать	VERB	_	Aspect=Imp|Mood=Ind|Number=Sing|Person=3|Tense=Pres|VerbForm=Fin|Voice=Act	_	_	_	@smg1971-word#@smg1971#1061.005#1061.392
610	данные	данные	NOUN	_	Animacy=Inan|Case=Acc|Number=Plur	_	_	_	@smg1971-word#@smg1971#1061.392#1061.779
611	вашего	ваш	DET	_	Case=Gen|Gender=Masc|Number=Sing	_	_	_	@smg1971-word#@smg1971#1061.779#1062.166
612	паспорта	паспорт	NOUN	_	Animacy=Inan|Case=Gen|Gender=Masc|Number=Sing	_	_	_	@smg1971-word#@smg1971#1062.166#1062.555
613	и	и	CCONJ	_	_	_	_	_	@smg1971-word#@smg1971#1062.815#1063.068
614	меняется	меняться	VERB	_	Aspect=Imp|Mood=Ind|Number=Sing|Person=3|Tense=Pres|VerbForm=Fin|Voice=Mid	_	_	_	@smg1971-word#@smg1971#1063.068#1063.321
615	в	в	ADP	_	_	_	_	_	@smg1971-word#@smg1971#1063.321#1063.574
616	лице	лицо	NOUN	_	Animacy=Inan|Case=Loc|Gender=Neut|Number=Sing	_	_	_	@smg1971-word#@smg1971#1063.574#1063.83
617	у	у	ADP	_	_	_	_	_	@smg1971-word#@smg1971#1064.43#1064.707
618	него	он	DET	_	Case=Gen|Gender=Masc|Number=Sing|Person=3	_	_	_	@smg1971-word#@smg1971#1064.707#1064.984
619	на	на	ADP	_	_	_	_	_	@smg1971-word#@smg1971#1064.984#1065.261
620	экране	экран	NOUN	_	Animacy=Inan|Case=Loc|Gender=Masc|Number=Sing	_	_	_	@smg1971-word#@smg1971#1065.261#1065.538
621	большими	большой	ADJ	_	Case=Ins|Degree=Pos|Number=Plur	_	_	_	@smg1971-word#@smg1971#1065.538#1065.815
622	красными	красный	ADJ	_	Case=Ins|Degree=Pos|Number=Plur	_	_	_	@smg1971-word#@smg1971#1065.815#1066.092
623	буквами	буква	NOUN	_	Animacy=Inan|Case=Ins|Gender=Fem|Number=Plur	_	_	_	@smg1971-word#@smg1971#1066.092#1066.37
624	появляются	появляться	VERB	_	Aspect=Imp|Mood=Ind|Number=Plur|Person=3|Tense=Pres|VerbForm=Fin|Voice=Mid	_	_	_	@smg1971-word#@smg1971#1067.085#1067.475
625	какие-то	какой-то	DET	_	Case=Nom|Number=Plur	_	_	_	@smg1971-word#@smg1971#1067.475#1067.865
626	сообщения	сообщение	NOUN	_	Animacy=Inan|Case=Nom|Gender=Neut|Number=Plur	_	_	_	@smg1971-word#@smg1971#1068.255#1068.645
627	что	что	SCONJ	_	_	_	_	_	@smg1971-word#@smg1971#1068.645#1069.035
628	что-то	что-то	PRON	_	Case=Nom	_	_	_	@smg1971-word#@smg1971#1069.295#1069.532
629	пошло	пойти	VERB	_	Aspect=Perf|Gender=Neut|Mood=Ind|Number=Sing|Tense=Past|VerbForm=Fin|Voice=Act	_	_	_	@smg1971-word#@smg1971#1069.532#1069.769
630	не	не	PART	_	_	_	_	_	@smg1971-word#@smg1971#1069.769#1070.006
631	так	так	ADV	_	Degree=Pos	_	_	_	@smg1971-word#@smg1971#1070.006#1070.245
632	это	это	PRON	_	Animacy=Inan|Case=Nom|Gender=Neut|Number=Sing	_	_	_	@smg1971-word#@smg1971#1071.095#1071.36
633	было	быть	VERB	_	Aspect=Imp|Gender=Neut|Mood=Ind|Number=Sing|Tense=Past|VerbForm=Fin|Voice=Act	_	_	_	@smg1971-word#@smg1971#1071.36#1071.625
634	раннее	ранний	ADJ	_	Case=Nom|Degree=Pos|Gender=Neut|Number=Sing	_	_	_	@smg1971-word#@smg1971#1071.705#1071.99
635	время	время	NOUN	_	Animacy=Inan|Case=Nom|Gender=Neut|Number=Sing	_	_	_	@smg1971-word#@smg1971#1071.99#1072.275
636	то	то	PRON	_	Animacy=Inan|Case=Nom|Gender=Neut|Number=Sing	_	_	_	@smg1971-word#@smg1971#1072.275#1072.56
637	есть	быть	VERB	_	Aspect=Imp|Mood=Ind|Number=Sing|Person=3|Tense=Pres|VerbForm=Fin|Voice=Act	_	_	_	@smg1971-word#@smg1971#1072.56#1072.845
638	после	после	ADP	_	_	_	_	_	@smg1971-word#@smg1971#1072.93#1073.18
639	этого	это	DET	_	Animacy=Inan|Case=Gen|Gender=Neut|Number=Sing	_	_	_	@smg1971-word#@smg1971#1073.18#1073.43
640	уже	уже	ADV	_	Degree=Pos	_	_	_	@smg1971-word#@smg1971#1073.43#1073.68
641	у	у	ADP	_	_	_	_	_	@smg1971-word#@smg1971#1073.68#1073.93
642	многих	многий	ADJ	_	Case=Gen|Degree=Pos|Number=Plur	_	_	_	@smg1971-word#@smg1971#1073.93#1074.18
643	людей	человек	NOUN	_	Animacy=Anim|Case=Gen|Gender=Masc|Number=Plur	_	_	_	@smg1971-word#@smg1971#1074.18#1074.43
644	такая	такой	DET	_	Case=Nom|Gender=Fem|Number=Sing	_	_	_	@smg1971-word#@smg1971#1074.43#1074.68
645	штука	штука	NOUN	_	Animacy=Inan|Case=Nom|Gender=Fem|Number=Sing	_	_	_	@smg1971-word#@smg1971#1074.68#1074.93
646	появилась	появиться	VERB	_	Aspect=Perf|Gender=Fem|Mood=Ind|Number=Sing|Tense=Past|VerbForm=Fin|Voice=Mid	_	_	_	@smg1971-word#@smg1971#1074.93#1075.18
647	мы	мы	PRON	_	Case=Nom|Number=Plur|Person=1	_	_	_	@smg1971-word#@smg1971#1075.55#1075.874
648	были	быть	VERB	_	Aspect=Imp|Mood=Ind|Number=Plur|Tense=Past|VerbForm=Fin|Voice=Act	_	_	_	@smg1971-word#@smg1971#1075.874#1076.198
649	одними	один	ADJ	_	Case=Ins|Degree=Pos|Number=Plur	_	_	_	@smg1971-word#@smg1971#1076.198#1076.522
650	из	из	ADP	_	_	_	_	_	@smg1971-word#@smg1971#1076.522#1076.846
651	пионеров	пионер	NOUN	_	Animacy=Anim|Case=Gen|Gender=Masc|Number=Plur	_	_	_	@smg1971-word#@smg1971#1076.846#1077.17
652	и	и	CCONJ	_	_	_	_	_	@smg1971-word#@smg1971#1077.305#1077.525
653	эээ	эээ	INTJ	_	_	_	_	_	@smg1971-word#@smg1971#1077.97#1078.22
654	многие	многий	ADJ	_	Case=Nom|Degree=Pos|Number=Plur	_	_	_	@smg1971-word#@smg1971#1078.29#1078.587
655	пограничники	пограничник	NOUN	_	Animacy=Anim|Case=Nom|Gender=Masc|Number=Plur	_	_	_	@smg1971-word#@smg1971#1078.587#1078.884
656	прям	прямо	PART	_	_	_	_	_	@smg1971-word#@smg1971#1078.884#1079.181
657	не	не	PART	_	_	_	_	_	@smg1971-word#@smg1971#1079.181#1079.478
658	знали	знать	VERB	_	Aspect=Imp|Mood=Ind|Number=Plur|Tense=Past|VerbForm=Fin|Voice=Act	_	_	_	@smg1971-word#@smg1971#1079.478#1079.775
659	что	что	SCONJ	_	_	_	_	_	@smg1971-word#@smg1971#1079.775#1080.072
660	делать	делать	VERB	_	Aspect=Imp|VerbForm=Inf|Voice=Act	_	_	_	@smg1971-word#@smg1971#1080.072#1080.37
661	они	они	PRON	_	Case=Nom|Number=Plur|Person=3	_	_	_	@smg1971-word#@smg1971#1080.45#1080.876
662	звонили	звонить	VERB	_	Aspect=Perf|Mood=Ind|Number=Plur|Tense=Past|VerbForm=Fin|Voice=Act	_	_	_	@smg1971-word#@smg1971#1080.876#1081.302
663	старшому	старшой	NOUN	_	Animacy=Inan|Case=Dat|Gender=Masc|Number=Sing	_	_	_	@smg1971-word#@smg1971#1081.302#1081.73
664	приходил	приходить	VERB	_	Aspect=Imp|Gender=Masc|Mood=Ind|Number=Sing|Tense=Past|VerbForm=Fin|Voice=Act	_	_	_	@smg1971-word#@smg1971#1082.125#1082.595
665	офицер	офицер	NOUN	_	Animacy=Anim|Case=Nom|Gender=Masc|Number=Sing	_	_	_	@smg1971-word#@smg1971#1082.595#1083.065
666	говорил	говорить	VERB	_	Aspect=Imp|Gender=Masc|Mood=Ind|Number=Sing|Tense=Past|VerbForm=Fin|Voice=Act	_	_	_	@smg1971-word#@smg1971#1083.48#1083.78
667	вы	вы	PRON	_	Case=Nom|Number=Plur|Person=2	_	_	_	@smg1971-word#@smg1971#1083.78#1084.08
668	не	не	PART	_	_	_	_	_	@smg1971-word#@smg1971#1084.08#1084.38
669	переживайте	переживать	VERB	_	Aspect=Imp|Mood=Imp|Number=Plur|Person=2|VerbForm=Fin|Voice=Act	_	_	_	@smg1971-word#@smg1971#1084.38#1084.68
670	все	весь	PRON	_	Animacy=Inan|Case=Nom|Gender=Neut|Number=Sing	_	_	_	@smg1971-word#@smg1971#1084.68#1084.98
671	будет	быть	AUX	_	Aspect=Imp|Mood=Ind|Number=Sing|Person=3|Tense=Pres|VerbForm=Fin|Voice=Act	_	_	_	@smg1971-word#@smg1971#1084.98#1085.28
672	хорошо	хороший	ADJ	_	Degree=Pos|Gender=Neut|Number=Sing|Variant=Short	_	_	_	@smg1971-word#@smg1971#1085.28#1085.58
673	но	но	CCONJ	_	_	_	_	_	@smg1971-word#@smg1971#1086.095#1086.565
674	они	они	PRON	_	Case=Nom|Number=Plur|Person=3	_	_	_	@smg1971-word#@smg1971#1086.605#1087.025
675	несколько	несколько	NUM	_	Case=Nom	_	_	_	@smg1971-word#@smg1971#1087.025#1087.445
676	минут	минута	NOUN	_	Animacy=Inan|Case=Gen|Gender=Fem|Number=Plur	_	_	_	@smg1971-word#@smg1971#1087.445#1087.865
677	проверяли	проверять	VERB	_	Aspect=Imp|Mood=Ind|Number=Plur|Tense=Past|VerbForm=Fin|Voice=Act	_	_	_	@smg1971-word#@smg1971#1088.02#1088.36
678	стоит	стоит	PRED	_	_	_	_	_	@smg1971-word#@smg1971#1088.36#1088.7
679	ли	ли	PART	_	_	_	_	_	@smg1971-word#@smg1971#1088.7#1089.04
680	нас	мы	PRON	_	Case=Acc|Number=Plur|Person=1	_	_	_	@smg1971-word#@smg1971#1089.04#1089.38
681	задерживать	задерживать	VERB	_	Aspect=Imp|VerbForm=Inf|Voice=Act	_	_	_	@smg1971-word#@smg1971#1089.38#1089.72
682	сейчас	сейчас	ADV	_	Degree=Pos	_	_	_	@smg1971-word#@smg1971#1089.72#1090.06
683	или	или	CCONJ	_	_	_	_	_	@smg1971-word#@smg1971#1090.355#1090.597
684	в	в	ADP	_	_	_	_	_	@smg1971-word#@smg1971#1090.597#1090.839
685	следующий	следующий	ADJ	_	Animacy=Inan|Case=Acc|Degree=Pos|Gender=Masc|Number=Sing	_	_	_	@smg1971-word#@smg1971#1090.839#1091.081
686	раз	раз	NOUN	_	Animacy=Inan|Case=Acc|Gender=Masc|Number=Sing	_	_	_	@smg1971-word#@smg1971#1091.081#1091.325
687	и	и	CCONJ	_	_	_	_	_	@smg1971-word#@smg1971#1091.805#1092.115
688	как-то	как-то	ADV	_	Degree=Pos	_	_	_	@smg1971-word#@smg1971#1092.325#1092.545
689	каждый	каждый	DET	_	Case=Acc|Gender=Masc|Number=Sing	_	_	_	@smg1971-word#@smg1971#1093.13#1093.42
690	раз	раз	NOUN	_	Animacy=Inan|Case=Acc|Gender=Masc|Number=Sing	_	_	_	@smg1971-word#@smg1971#1093.42#1093.71
691	когда	когда	SCONJ	_	_	_	_	_	@smg1971-word#@smg1971#1093.71#1094.0
692	мы	мы	PRON	_	Case=Nom|Number=Plur|Person=1	_	_	_	@smg1971-word#@smg1971#1094.0#1094.29
693	в	в	ADP	_	_	_	_	_	@smg1971-word#@smg1971#1094.29#1094.58
694	эти	этот	DET	_	Case=Acc|Number=Plur	_	_	_	@smg1971-word#@smg1971#1094.58#1094.87
695	месяцы	месяц	NOUN	_	Animacy=Inan|Case=Acc|Gender=Masc|Number=Plur	_	_	_	@smg1971-word#@smg1971#1094.87#1095.16
696	въезжали	въезжать	VERB	_	Aspect=Imp|Mood=Ind|Number=Plur|Tense=Past|VerbForm=Fin|Voice=Act	_	_	_	@smg1971-word#@smg1971#1095.16#1095.45
697	или	или	CCONJ	_	_	_	_	_	@smg1971-word#@smg1971#1095.45#1095.74
698	уезжали	уезжать	VERB	_	Aspect=Imp|Mood=Ind|Number=Plur|Tense=Past|VerbForm=Fin|Voice=Act	_	_	_	@smg1971-word#@smg1971#1095.74#1096.03
699	из	из	ADP	_	_	_	_	_	@smg1971-word#@smg1971#1096.03#1096.32
700	страны	страна	NOUN	_	Animacy=Inan|Case=Gen|Gender=Fem|Number=Sing	_	_	_	@smg1971-word#@smg1971#1096.32#1096.62
701	было	быть	AUX	_	Aspect=Imp|Gender=Neut|Mood=Ind|Number=Sing|Tense=Past|VerbForm=Fin|Voice=Act	_	_	_	@smg1971-word#@smg1971#1096.89#1097.2
702	неприятно	неприятный	ADJ	_	Degree=Pos|Gender=Neut|Number=Sing|Variant=Short	_	_	_	@smg1971-word#@smg1971#1097.2#1097.51
703	но	но	CCONJ	_	_	_	_	_	@smg1971-word#@smg1971#1097.585#1097.844
704	в	в	ADP	_	_	_	_	_	@smg1971-word#@smg1971#1097.844#1098.103
705	этот	этот	DET	_	Case=Acc|Gender=Masc|Number=Sing	_	_	_	@smg1971-word#@smg1971#1098.103#1098.362
706	раз	раз	NOUN	_	Animacy=Inan|Case=Acc|Gender=Masc|Number=Sing	_	_	_	@smg1971-word#@smg1971#1098.362#1098.621
707	было	быть	AUX	_	Aspect=Imp|Gender=Neut|Mood=Ind|Number=Sing|Tense=Past|VerbForm=Fin|Voice=Act	_	_	_	@smg1971-word#@smg1971#1098.621#1098.88
708	особенно	особенно	ADV	_	Degree=Pos	_	_	_	@smg1971-word#@smg1971#1098.88#1099.139
709	неприятно	неприятный	ADJ	_	Degree=Pos|Gender=Neut|Number=Sing|Variant=Short	_	_	_	@smg1971-word#@smg1971#1099.139#1099.4
710	нет	нет	PART	_	_	_	_	_	@smg1971-word#@smg1971#1113.355#1113.63
711	мне	я	PRON	_	Case=Dat|Number=Sing|Person=1	_	_	_	@smg1971-word#@smg1971#1113.63#1113.905
712	никто	никто	PRON	_	Case=Nom	_	_	_	@smg1971-word#@smg1971#1113.905#1114.18
713	не	не	PART	_	_	_	_	_	@smg1971-word#@smg1971#1114.18#1114.455
714	предлагал	предлагать	VERB	_	Aspect=Imp|Gender=Masc|Mood=Ind|Number=Sing|Tense=Past|VerbForm=Fin|Voice=Act	_	_	_	@smg1971-word#@smg1971#1114.455#1114.73
715	этих	этот	DET	_	Case=Gen|Number=Plur	_	_	_	@smg1971-word#@smg1971#1114.73#1115.005
716	денег	деньги	NOUN	_	Animacy=Inan|Case=Gen|Gender=Fem|Number=Plur	_	_	_	@smg1971-word#@smg1971#1115.185#1115.525
717	никогда	никогда	ADV	_	Degree=Pos	_	_	_	@smg1971-word#@smg1971#1115.77#1116.67
718	и	и	CCONJ	_	_	_	_	_	@smg1971-word#@smg1971#1116.905#1117.255
719	эээ	эээ	INTJ	_	_	_	_	_	@smg1971-word#@smg1971#1117.885#1118.142
720	на	на	ADP	_	_	_	_	_	@smg1971-word#@smg1971#1118.142#1118.399
721	самом	самый	ADJ	_	Case=Loc|Degree=Pos|Gender=Neut|Number=Sing	_	_	_	@smg1971-word#@smg1971#1118.399#1118.656
722	деле	дело	NOUN	_	Animacy=Inan|Case=Loc|Gender=Neut|Number=Sing	_	_	_	@smg1971-word#@smg1971#1118.656#1118.913
723	я	я	PRON	_	Case=Nom|Number=Sing|Person=1	_	_	_	@smg1971-word#@smg1971#1118.913#1119.17
724	никогда	никогда	ADV	_	Degree=Pos	_	_	_	@smg1971-word#@smg1971#1119.17#1119.427
725	не	не	PART	_	_	_	_	_	@smg1971-word#@smg1971#1119.427#1119.684
726	получал	получать	VERB	_	Aspect=Imp|Gender=Masc|Mood=Ind|Number=Sing|Tense=Past|VerbForm=Fin|Voice=Act	_	_	_	@smg1971-word#@smg1971#1119.684#1119.941
727	денег	деньги	NOUN	_	Animacy=Inan|Case=Gen|Gender=Fem|Number=Plur	_	_	_	@smg1971-word#@smg1971#1119.941#1120.198
728	от	от	ADP	_	_	_	_	_	@smg1971-word#@smg1971#1120.198#1120.455
729	Ходорковского	Ходорковский	PROPN	_	Animacy=Anim|Case=Gen|Gender=Masc|Number=Sing	_	_	_	@smg1971-word#@smg1971#1120.605#1121.163
730	Юкоса	Юкоса	PROPN	_	Animacy=Anim|Case=Gen|Gender=Masc|Number=Sing	_	_	_	@smg1971-word#@smg1971#1121.163#1121.721
731	и	и	CCONJ	_	_	_	_	_	@smg1971-word#@smg1971#1121.721#1122.279
732	его	его	DET	_	Case=Gen|Gender=Masc|Number=Sing|Person=3	_	_	_	@smg1971-word#@smg1971#1122.279#1122.837
733	партнеров	партнер	NOUN	_	Animacy=Anim|Case=Gen|Gender=Masc|Number=Plur	_	_	_	@smg1971-word#@smg1971#1122.837#1123.395
734	ни	ни	PART	_	_	_	_	_	@smg1971-word#@smg1971#1124.095#1124.425
735	до	до	ADP	_	_	_	_	_	@smg1971-word#@smg1971#1124.545#1124.757
736	того	то	PRON	_	Animacy=Inan|Case=Gen|Gender=Neut|Number=Sing	_	_	_	@smg1971-word#@smg1971#1124.757#1124.969
737	как	как	SCONJ	_	_	_	_	_	@smg1971-word#@smg1971#1124.969#1125.181
738	я	я	PRON	_	Case=Nom|Number=Sing|Person=1	_	_	_	@smg1971-word#@smg1971#1125.181#1125.393
739	уехал	уехать	VERB	_	Aspect=Perf|Gender=Masc|Mood=Ind|Number=Sing|Tense=Past|VerbForm=Fin|Voice=Act	_	_	_	@smg1971-word#@smg1971#1125.393#1125.605
740	из	из	ADP	_	_	_	_	_	@smg1971-word#@smg1971#1125.605#1125.817
741	России	Россия	PROPN	_	Animacy=Inan|Case=Gen|Gender=Fem|Number=Sing	_	_	_	@smg1971-word#@smg1971#1125.817#1126.029
742	ни	ни	PART	_	_	_	_	_	@smg1971-word#@smg1971#1126.029#1126.241
743	после	после	ADP	_	_	_	_	_	@smg1971-word#@smg1971#1126.241#1126.453
744	того	то	PRON	_	Animacy=Inan|Case=Gen|Gender=Neut|Number=Sing	_	_	_	@smg1971-word#@smg1971#1126.453#1126.665
745	как	как	SCONJ	_	_	_	_	_	@smg1971-word#@smg1971#1126.665#1126.877
746	я	я	PRON	_	Case=Nom|Number=Sing|Person=1	_	_	_	@smg1971-word#@smg1971#1126.877#1127.089
747	уехал	уехать	VERB	_	Aspect=Perf|Gender=Masc|Mood=Ind|Number=Sing|Tense=Past|VerbForm=Fin|Voice=Act	_	_	_	@smg1971-word#@smg1971#1127.089#1127.301
748	из	из	ADP	_	_	_	_	_	@smg1971-word#@smg1971#1127.301#1127.513
749	России	Россия	PROPN	_	Animacy=Inan|Case=Gen|Gender=Fem|Number=Sing	_	_	_	@smg1971-word#@smg1971#1127.513#1127.735
750	следствие	следствие	NOUN	_	Animacy=Inan|Case=Nom|Gender=Neut|Number=Sing	_	_	_	@smg1971-word#@smg1971#1128.705#1129.208
751	показало	показать	VERB	_	Aspect=Perf|Gender=Neut|Mood=Ind|Number=Sing|Tense=Past|VerbForm=Fin|Voice=Act	_	_	_	@smg1971-word#@smg1971#1129.208#1129.711
752	что	что	SCONJ	_	_	_	_	_	@smg1971-word#@smg1971#1129.711#1130.215
753	был	быть	VERB	_	Aspect=Imp|Gender=Masc|Mood=Ind|Number=Sing|Tense=Past|VerbForm=Fin|Voice=Act	_	_	_	@smg1971-word#@smg1971#1130.655#1131.061
754	момент	момент	NOUN	_	Animacy=Inan|Case=Nom|Gender=Masc|Number=Sing	_	_	_	@smg1971-word#@smg1971#1131.061#1131.467
755	когда	когда	SCONJ	_	_	_	_	_	@smg1971-word#@smg1971#1131.467#1131.875
756	какие-то	какой-то	DET	_	Case=Nom|Number=Plur	_	_	_	@smg1971-word#@smg1971#1132.3#1132.896
757	структуры	структура	NOUN	_	Animacy=Inan|Case=Nom|Gender=Fem|Number=Plur	_	_	_	@smg1971-word#@smg1971#1132.896#1133.492
758	аффилированные	аффилировать	VERB	_	Aspect=Perf|Case=Nom|Number=Plur|Tense=Past|VerbForm=Part|Voice=Pass	_	_	_	@smg1971-word#@smg1971#1133.492#1134.09
759	с	с	ADP	_	_	_	_	_	@smg1971-word#@smg1971#1134.8#1135.21
760	компанией	компания	NOUN	_	Animacy=Inan|Case=Ins|Gender=Fem|Number=Sing	_	_	_	@smg1971-word#@smg1971#1135.27#1135.505
761	Юкос	Юкос	PROPN	_	Animacy=Inan|Case=Nom|Gender=Masc|Number=Sing	_	_	_	@smg1971-word#@smg1971#1135.975#1136.21
762	сделали	сделать	VERB	_	Aspect=Perf|Mood=Ind|Number=Plur|Tense=Past|VerbForm=Fin|Voice=Act	_	_	_	@smg1971-word#@smg1971#1136.895#1137.222
763	пожертвование	пожертвование	NOUN	_	Animacy=Inan|Case=Acc|Gender=Neut|Number=Sing	_	_	_	@smg1971-word#@smg1971#1137.222#1137.549
764	в	в	ADP	_	_	_	_	_	@smg1971-word#@smg1971#1137.549#1137.876
765	бюджет	бюджет	NOUN	_	Animacy=Inan|Case=Acc|Gender=Masc|Number=Sing	_	_	_	@smg1971-word#@smg1971#1137.876#1138.203
766	российской	российский	ADJ	_	Case=Gen|Degree=Pos|Gender=Fem|Number=Sing	_	_	_	@smg1971-word#@smg1971#1138.203#1138.53
767	экономической	экономический	ADJ	_	Case=Gen|Degree=Pos|Gender=Fem|Number=Sing	_	_	_	@smg1971-word#@smg1971#1138.53#1138.857
768	школы	школа	NOUN	_	Animacy=Inan|Case=Gen|Gender=Fem|Number=Sing	_	_	_	@smg1971-word#@smg1971#1138.857#1139.184
769	но	но	CCONJ	_	_	_	_	_	
770	это	это	PRON	_	Animacy=Inan|Case=Nom|Gender=Neut|Number=Sing	_	_	_	@smg1971-word#@smg1971#1139.184#1139.511
771	было	быть	VERB	_	Aspect=Imp|Gender=Neut|Mood=Ind|Number=Sing|Tense=Past|VerbForm=Fin|Voice=Act	_	_	_	@smg1971-word#@smg1971#1139.511#1139.838
772	в	в	ADP	_	_	_	_	_	@smg1971-word#@smg1971#1139.838#1140.165
773	две	два	NUM	_	Case=Nom|Gender=Fem	_	_	_	@smg1971-word#@smg1971#1140.165#1140.492
774	тысячи	тысяча	NOUN	_	Animacy=Inan|Case=Gen|Gender=Fem|Number=Plur	_	_	_	@smg1971-word#@smg1971#1140.492#1140.825
775	третьем	третий	ADJ	_	Case=Loc|Degree=Pos|Gender=Masc|Number=Sing	_	_	_	@smg1971-word#@smg1971#1141.205#1141.447
776	или	или	CCONJ	_	_	_	_	_	@smg1971-word#@smg1971#1141.447#1141.689
777	четвертом	четвертый	ADJ	_	Case=Loc|Degree=Pos|Gender=Masc|Number=Sing	_	_	_	@smg1971-word#@smg1971#1141.689#1141.931
778	году	год	NOUN	_	Animacy=Inan|Case=Loc|Gender=Masc|Number=Sing	_	_	_	@smg1971-word#@smg1971#1141.931#1142.173
779	когда	когда	SCONJ	_	_	_	_	_	@smg1971-word#@smg1971#1142.173#1142.415
780	я	я	PRON	_	Case=Nom|Number=Sing|Person=1	_	_	_	@smg1971-word#@smg1971#1142.415#1142.657
781	на	на	ADP	_	_	_	_	_	@smg1971-word#@smg1971#1142.657#1142.899
782	самом	самый	ADJ	_	Case=Loc|Degree=Pos|Gender=Neut|Number=Sing	_	_	_	@smg1971-word#@smg1971#1142.899#1143.141
783	деле	дело	NOUN	_	Animacy=Inan|Case=Loc|Gender=Neut|Number=Sing	_	_	_	@smg1971-word#@smg1971#1143.141#1143.383
784	не	не	PART	_	_	_	_	_	@smg1971-word#@smg1971#1143.383#1143.625
785	работал	работать	VERB	_	Aspect=Imp|Gender=Masc|Mood=Ind|Number=Sing|Tense=Past|VerbForm=Fin|Voice=Act	_	_	_	@smg1971-word#@smg1971#1143.625#1143.867
786	в	в	ADP	_	_	_	_	_	@smg1971-word#@smg1971#1143.867#1144.109
787	РЭШе	Российская экономическая школа	PROPN	_	Animacy=Inan|Case=Loc|Gender=Masc|Number=Sing	_	_	_	@smg1971-word#@smg1971#1144.109#1144.355
788	у	у	ADP	_	_	_	_	_	@smg1971-word#@smg1971#1144.455#1144.715
789	меня	я	PRON	_	Case=Gen|Number=Sing|Person=1	_	_	_	@smg1971-word#@smg1971#1144.715#1144.975
790	был	быть	VERB	_	Aspect=Imp|Gender=Masc|Mood=Ind|Number=Sing|Tense=Past|VerbForm=Fin|Voice=Act	_	_	_	@smg1971-word#@smg1971#1144.975#1145.235
791	такой	такой	DET	_	Case=Nom|Gender=Masc|Number=Sing	_	_	_	@smg1971-word#@smg1971#1145.235#1145.495
792	отпуск	отпуск	NOUN	_	Animacy=Inan|Case=Nom|Gender=Masc|Number=Sing	_	_	_	@smg1971-word#@smg1971#1145.495#1145.755
793	когда	когда	SCONJ	_	_	_	_	_	@smg1971-word#@smg1971#1145.755#1146.015
794	я	я	PRON	_	Case=Nom|Number=Sing|Person=1	_	_	_	@smg1971-word#@smg1971#1146.015#1146.275
795	уехал	уехать	VERB	_	Aspect=Perf|Gender=Masc|Mood=Ind|Number=Sing|Tense=Past|VerbForm=Fin|Voice=Act	_	_	_	@smg1971-word#@smg1971#1146.275#1146.535
796	на	на	ADP	_	_	_	_	_	@smg1971-word#@smg1971#1146.535#1146.795
797	год	год	NOUN	_	Animacy=Inan|Case=Acc|Gender=Masc|Number=Sing	_	_	_	@smg1971-word#@smg1971#1146.795#1147.055
798	преподавать	преподавать	VERB	_	Aspect=Imp|VerbForm=Inf|Voice=Act	_	_	_	@smg1971-word#@smg1971#1147.055#1147.315
799	в	в	ADP	_	_	_	_	_	@smg1971-word#@smg1971#1147.315#1147.575
800	Принстон	Принстон	PROPN	_	Animacy=Inan|Case=Acc|Gender=Masc|Number=Sing	_	_	_	@smg1971-word#@smg1971#1147.575#1147.835
801	и	и	CCONJ	_	_	_	_	_	@smg1971-word#@smg1971#1148.49#1148.686
802	в	в	ADP	_	_	_	_	_	@smg1971-word#@smg1971#1148.686#1148.882
803	этом	этот	DET	_	Case=Loc|Gender=Masc|Number=Sing	_	_	_	@smg1971-word#@smg1971#1148.882#1149.078
804	смысле	смысл	NOUN	_	Animacy=Inan|Case=Loc|Gender=Masc|Number=Sing	_	_	_	@smg1971-word#@smg1971#1149.078#1149.274
805	я	я	PRON	_	Case=Nom|Number=Sing|Person=1	_	_	_	@smg1971-word#@smg1971#1149.274#1149.47
806	эти	этот	DET	_	Case=Nom|Number=Plur	_	_	_	@smg1971-word#@smg1971#1149.47#1149.666
807	деньги	деньги	NOUN	_	Animacy=Inan|Case=Nom|Gender=Fem|Number=Plur	_	_	_	@smg1971-word#@smg1971#1149.666#1149.862
808	пришли	прийти	VERB	_	Aspect=Perf|Mood=Ind|Number=Plur|Tense=Past|VerbForm=Fin|Voice=Act	_	_	_	@smg1971-word#@smg1971#1149.862#1150.058
809	после	после	ADP	_	_	_	_	_	@smg1971-word#@smg1971#1150.058#1150.254
810	того	то	DET	_	Animacy=Inan|Case=Gen|Gender=Neut|Number=Sing	_	_	_	@smg1971-word#@smg1971#1150.254#1150.45
811	как	как	SCONJ	_	_	_	_	_	@smg1971-word#@smg1971#1150.45#1150.646
812	я	я	PRON	_	Case=Nom|Number=Sing|Person=1	_	_	_	@smg1971-word#@smg1971#1150.646#1150.842
813	уехал	уехать	VERB	_	Aspect=Perf|Gender=Masc|Mood=Ind|Number=Sing|Tense=Past|VerbForm=Fin|Voice=Act	_	_	_	@smg1971-word#@smg1971#1150.842#1151.05
814	они	они	PRON	_	Case=Nom|Number=Plur|Person=3	_	_	_	@smg1971-word#@smg1971#1151.125#1151.445
815	были	быть	AUX	_	Aspect=Imp|Mood=Ind|Number=Plur|Tense=Past|VerbForm=Fin|Voice=Act	_	_	_	@smg1971-word#@smg1971#1151.445#1151.765
816	потрачены	потратить	VERB	_	Aspect=Perf|Number=Plur|Tense=Past|Variant=Short|VerbForm=Part|Voice=Pass	_	_	_	@smg1971-word#@smg1971#1151.765#1152.085
817	до	до	ADP	_	_	_	_	_	@smg1971-word#@smg1971#1152.57#1152.796
818	того	то	DET	_	Animacy=Inan|Case=Gen|Gender=Neut|Number=Sing	_	_	_	@smg1971-word#@smg1971#1152.796#1153.022
819	как	как	SCONJ	_	_	_	_	_	@smg1971-word#@smg1971#1153.022#1153.248
820	я	я	PRON	_	Case=Nom|Number=Sing|Person=1	_	_	_	@smg1971-word#@smg1971#1153.248#1153.474
821	вернулся	вернуться	VERB	_	Aspect=Perf|Gender=Masc|Mood=Ind|Number=Sing|Tense=Past|VerbForm=Fin|Voice=Mid	_	_	_	@smg1971-word#@smg1971#1153.474#1153.7
822	назад	назад	ADV	_	Degree=Pos	_	_	_	@smg1971-word#@smg1971#1153.7#1153.926
823	из	из	ADP	_	_	_	_	_	@smg1971-word#@smg1971#1153.926#1154.152
824	Принстона	Принстон	PROPN	_	Animacy=Inan|Case=Gen|Gender=Masc|Number=Sing	_	_	_	@smg1971-word#@smg1971#1154.152#1154.378
825	в	в	ADP	_	_	_	_	_	@smg1971-word#@smg1971#1154.378#1154.604
826	Москву	Москва	PROPN	_	Animacy=Inan|Case=Acc|Gender=Fem|Number=Sing	_	_	_	@smg1971-word#@smg1971#1154.604#1154.83
827	то	то	PRON	_	Animacy=Inan|Case=Nom|Gender=Neut|Number=Sing	_	_	_	@smg1971-word#@smg1971#1154.83#1155.056
828	есть	быть	VERB	_	Aspect=Imp|Mood=Ind|Number=Sing|Person=3|Tense=Pres|VerbForm=Fin|Voice=Act	_	_	_	@smg1971-word#@smg1971#1155.056#1155.282
829	я	я	PRON	_	Case=Nom|Number=Sing|Person=1	_	_	_	@smg1971-word#@smg1971#1155.282#1155.508
830	к	к	ADP	_	_	_	_	_	@smg1971-word#@smg1971#1155.508#1155.734
831	этим	этот	DET	_	Case=Dat|Number=Plur	_	_	_	@smg1971-word#@smg1971#1155.734#1155.96
832	деньгам	деньги	NOUN	_	Animacy=Inan|Case=Dat|Gender=Fem|Number=Plur	_	_	_	@smg1971-word#@smg1971#1155.96#1156.186
833	вообще	вообще	ADV	_	Degree=Pos	_	_	_	@smg1971-word#@smg1971#1156.186#1156.412
834	никакого	никакой	DET	_	Case=Gen|Gender=Neut|Number=Sing	_	_	_	@smg1971-word#@smg1971#1156.412#1156.64
835	отношения	отношение	NOUN	_	Animacy=Inan|Case=Gen|Gender=Neut|Number=Sing	_	_	_	@smg1971-word#@smg1971#1156.95#1157.53
836	не	не	PART	_	_	_	_	_	@smg1971-word#@smg1971#1157.925#1158.085
837	мог	мочь	VERB	_	Aspect=Imp|Gender=Masc|Mood=Ind|Number=Sing|Tense=Past|VerbForm=Fin|Voice=Act	_	_	_	@smg1971-word#@smg1971#1158.085#1158.245
838	иметь	иметь	VERB	_	Aspect=Imp|VerbForm=Inf|Voice=Act	_	_	_	@smg1971-word#@smg1971#1158.67#1158.87
839	пятьдясят	пятьдясят	NUM	_	Case=Nom	_	_	_	@smg1971-word#@smg1971#1160.615#1160.843
840	тысяч	тысяча	NOUN	_	Animacy=Inan|Case=Gen|Gender=Fem|Number=Plur	_	_	_	@smg1971-word#@smg1971#1160.843#1161.071
841	долларов	доллар	NOUN	_	Animacy=Inan|Case=Gen|Gender=Masc|Number=Plur	_	_	_	@smg1971-word#@smg1971#1161.071#1161.3
842	да	да	CCONJ	_	_	_	_	_	@smg1971-word#@smg1971#1163.935#1164.115
843	ну	ну	PART	_	_	_	_	_	@smg1971-word#@smg1971#1165.705#1165.755
844	вот	вот	PART	_	_	_	_	_	@smg1971-word#@smg1971#1165.755#1165.805
845	что-то	что-то	PRON	_	Case=Nom	_	_	_	@smg1971-word#@smg1971#1166.05#1166.237
846	такое	такой	DET	_	Case=Nom|Gender=Neut|Number=Sing	_	_	_	@smg1971-word#@smg1971#1166.424#1166.611
847	да	да	PART	_	_	_	_	_	@smg1971-word#@smg1971#1166.611#1166.8
848	эти	этот	DET	_	Case=Nom|Number=Plur	_	_	_	@smg1971-word#@smg1971#1167.21#1167.625
849	платежки	платежка	NOUN	_	Animacy=Inan|Case=Nom|Gender=Masc|Number=Plur	_	_	_	@smg1971-word#@smg1971#1167.625#1168.04
850	даже	даже	PART	_	_	_	_	_	@smg1971-word#@smg1971#1168.04#1168.455
851	публиковались	публиковать	VERB	_	Aspect=Imp|Mood=Ind|Number=Plur|Tense=Past|VerbForm=Fin|Voice=Mid	_	_	_	@smg1971-word#@smg1971#1168.455#1168.87
852	это	это	DET	_	Case=Acc|Gender=Neut|Number=Sing	_	_	_	@smg1971-word#@smg1971#1168.87#1169.285
853	это	это	DET	_	Case=Acc|Gender=Neut|Number=Sing	_	_	_	@smg1971-word#@smg1971#1169.285#1169.7
854	следственный	следственный	ADJ	_	Case=Nom|Degree=Pos|Gender=Masc|Number=Sing	_	_	_	@smg1971-word#@smg1971#1170.065#1170.467
855	комитет	комитет	NOUN	_	Animacy=Inan|Case=Nom|Gender=Masc|Number=Sing	_	_	_	@smg1971-word#@smg1971#1170.467#1170.869
856	же	же	PART	_	_	_	_	_	
857	устроен	устроить	VERB	_	Aspect=Perf|Gender=Masc|Number=Sing|Tense=Past|Variant=Short|VerbForm=Part|Voice=Pass	_	_	_	
858	так	так	ADV	_	Degree=Pos	_	_	_	@smg1971-word#@smg1971#1170.869#1171.271
859	что	что	SCONJ	_	_	_	_	_	@smg1971-word#@smg1971#1171.271#1171.675
860	эм	эм	INTJ	_	_	_	_	_	@smg1971-word#@smg1971#1172.215#1172.435
861	тай…	тайна	NOUN	_	_	_	_	_	@smg1971-word#@smg1971#1172.7#1173.01
862	тайной	тайна	NOUN	_	Animacy=Inan|Case=Ins|Gender=Fem|Number=Sing	_	_	_	@smg1971-word#@smg1971#1173.11#1173.566
863	следствия	следствие	NOUN	_	Animacy=Inan|Case=Gen|Gender=Neut|Number=Sing	_	_	_	@smg1971-word#@smg1971#1173.566#1174.022
864	связан…	связать	VERB	_	_	_	_	_	@smg1971-word#@smg1971#1174.022#1174.48
865	связана	связать	VERB	_	Aspect=Perf|Gender=Fem|Number=Sing|Tense=Past|Variant=Short|VerbForm=Part|Voice=Pass	_	_	_	@smg1971-word#@smg1971#1175.03#1175.281
866	только	только	PART	_	_	_	_	_	@smg1971-word#@smg1971#1175.281#1175.532
867	одна	один	NUM	_	Case=Nom|Gender=Fem	_	_	_	@smg1971-word#@smg1971#1175.532#1175.783
868	сторона	сторона	NOUN	_	Animacy=Inan|Case=Nom|Gender=Fem|Number=Sing	_	_	_	
869	а	а	CCONJ	_	_	_	_	_	@smg1971-word#@smg1971#1176.787#1177.038
870	другая	другой	ADJ	_	Case=Nom|Degree=Pos|Gender=Fem|Number=Sing	_	_	_	@smg1971-word#@smg1971#1177.038#1177.289
871	сторона	сторона	NOUN	_	Animacy=Inan|Case=Nom|Gender=Fem|Number=Sing	_	_	_	@smg1971-word#@smg1971#1177.289#1177.54
872	почему-то	почему-то	ADV	_	Degree=Pos	_	_	_	@smg1971-word#@smg1971#1177.54#1177.791
873	публикует	публиковать	VERB	_	Aspect=Imp|Mood=Ind|Number=Sing|Person=3|Tense=Pres|VerbForm=Fin|Voice=Act	_	_	_	@smg1971-word#@smg1971#1177.791#1178.042
874	материалы	материал	NOUN	_	Animacy=Inan|Case=Acc|Gender=Masc|Number=Plur	_	_	_	@smg1971-word#@smg1971#1178.042#1178.293
875	в	в	ADP	_	_	_	_	_	@smg1971-word#@smg1971#1178.293#1178.55
876	как	как	SCONJ	_	_	_	_	_	@smg1971-word#@smg1971#1179.31#1179.667
877	называется	называться	VERB	_	Aspect=Imp|Mood=Ind|Number=Sing|Person=3|Tense=Pres|VerbForm=Fin|Voice=Mid	_	_	_	@smg1971-word#@smg1971#1179.667#1180.024
878	Life	Life	PROPN	_	Foreign=Yes	_	_	_	@smg1971-word#@smg1971#1180.024#1180.381
879	Взгляд	Взгляд	PROPN	_	Animacy=Inan|Case=Nom|Gender=Masc|Number=Sing	_	_	_	@smg1971-word#@smg1971#1180.381#1180.74
880	вот	вот	PART	_	_	_	_	_	@smg1971-word#@smg1971#1180.84#1181.0
881	это	это	DET	_	Animacy=Inan|Case=Nom|Gender=Neut|Number=Sing	_	_	_	@smg1971-word#@smg1971#1181.0#1181.16
882	все	весь	DET	_	Case=Nom|Gender=Neut|Number=Plur	_	_	_	@smg1971-word#@smg1971#1181.16#1181.32
