1	щас	сейчас	ADV	_	Degree=Pos	_	_	_	@oc1983f-words#@oc1983f#1885.5121885.737
2	тебя	ты	PRON	_	Case=Acc|Number=Sing|Person=2	_	_	_	@oc1983f-words#@oc1983f#1885.7371885.962
3	начнут	начать	VERB	_	Aspect=Perf|Mood=Ind|Number=Plur|Person=3|Tense=Fut|VerbForm=Fin|Voice=Act	_	_	_	@oc1983f-words#@oc1983f#1885.9621886.187
4	спрашивать	спрашивать	VERB	_	Aspect=Imp|VerbForm=Inf|Voice=Act	_	_	_	@oc1983f-words#@oc1983f#1886.1871886.412
5	/	/	PUNCT	_	_	_	_	_	@oc1983f-words#@oc1983f#1886.4121886.637
6	когда	когда	SCONJ	_	_	_	_	_	@oc1983f-words#@oc1983f#1886.6371886.862
7	ты	ты	PRON	_	Case=Nom|Number=Sing|Person=2	_	_	_	@oc1983f-words#@oc1983f#1886.8621887.087
8	будешь	быть	AUX	_	Aspect=Imp|Mood=Ind|Number=Sing|Person=2|Tense=Pres|VerbForm=Fin|Voice=Act	_	_	_	@oc1983f-words#@oc1983f#1887.0871887.312
9	рожать	рожать	VERB	_	Aspect=Imp|VerbForm=Inf|Voice=Act	_	_	_	@oc1983f-words#@oc1983f#1887.3121887.537
10	/	/	PUNCT	_	_	_	_	_	@oc1983f-words#@oc1983f#1887.7621887.987
11	уже	уже	ADV	_	Degree=Pos	_	_	_	@oc1983f-words#@oc1983f#1887.9871888.212
12	наверно	наверно	ADV	_	Degree=Pos	_	_	_	@oc1983f-words#@oc1983f#1888.2121888.437
13	спрашивают	спрашивать	VERB	_	Aspect=Imp|Mood=Ind|Number=Plur|Person=3|Tense=Pres|VerbForm=Fin|Voice=Act	_	_	_	@oc1983f-words#@oc1983f#1888.4371888.672
14	#смеется#	#смеется#	X	_	_	_	_	_	@oc1983f-words#@oc1983f#1889.0771889.668
15	#смеется#	#смеется#	X	_	_	_	_	_	@oc1983f-words#@oc1983f#1891.3091892.558
16	#смеется#	#смеется#	X	_	_	_	_	_	@oc1983f-words#@oc1983f#1893.01893.569
17	#хмыкает#	#хмыкает#	X	_	_	_	_	_	@oc1983f-words#@oc1983f#1894.8831895.215
18	поздно	поздно	ADV	_	Degree=Pos	_	_	_	@oc1983f-words#@oc1983f#1901.1931901.471
19	/	/	PUNCT	_	_	_	_	_	@oc1983f-words#@oc1983f#1901.4711901.749
20	да	да	PART	_	_	_	_	_	@oc1983f-words#@oc1983f#1901.7491902.027
21	а	а	CCONJ	_	_	_	_	_	@oc1983f-words#@oc1983f#1910.1611910.381
22	как	как	ADV	_	Degree=Pos	_	_	_	@oc1983f-words#@oc1983f#1910.3811910.601
23	не	не	PART	_	_	_	_	_	@oc1983f-words#@oc1983f#1910.6011910.821
24	озлобиться	озлобиться	VERB	_	Aspect=Perf|VerbForm=Inf|Voice=Mid	_	_	_	@oc1983f-words#@oc1983f#1910.8211911.041
25	/	/	PUNCT	_	_	_	_	_	@oc1983f-words#@oc1983f#1911.0411911.261
26	скажи	сказать	VERB	_	Aspect=Perf|Mood=Imp|Number=Sing|Person=2|VerbForm=Fin|Voice=Act	_	_	_	@oc1983f-words#@oc1983f#1911.2611911.481
27	/	/	PUNCT	_	_	_	_	_	@oc1983f-words#@oc1983f#1911.4811911.701
28	когда	когда	SCONJ	_	_	_	_	_	@oc1983f-words#@oc1983f#1911.7011911.921
29	ты	ты	PRON	_	Case=Nom|Number=Sing|Person=2	_	_	_	@oc1983f-words#@oc1983f#1911.9211912.141
30	в	в	ADP	_	_	_	_	_	@oc1983f-words#@oc1983f#1912.1411912.361
31	центре	центр	NOUN	_	Animacy=Inan|Case=Loc|Gender=Masc|Number=Sing	_	_	_	@oc1983f-words#@oc1983f#1912.3611912.581
32	внимания	внимание	NOUN	_	Animacy=Inan|Case=Gen|Gender=Neut|Number=Sing	_	_	_	@oc1983f-words#@oc1983f#1912.5811912.801
33	находишься	находиться	VERB	_	Aspect=Imp|Mood=Ind|Number=Sing|Person=2|Tense=Pres|VerbForm=Fin|Voice=Mid	_	_	_	@oc1983f-words#@oc1983f#1912.8011913.021
34	/	/	PUNCT	_	_	_	_	_	@oc1983f-words#@oc1983f#1913.0211913.241
35	в	в	ADP	_	_	_	_	_	@oc1983f-words#@oc1983f#1913.2411913.461
36	центре	центр	NOUN	_	Animacy=Inan|Case=Loc|Gender=Masc|Number=Sing	_	_	_	@oc1983f-words#@oc1983f#1913.4611913.693
37	восхищения	восхищение	NOUN	_	Animacy=Inan|Case=Gen|Gender=Neut|Number=Sing	_	_	_	@oc1983f-words#@oc1983f#1913.9331914.272
38	/	/	PUNCT	_	_	_	_	_	@oc1983f-words#@oc1983f#1914.2721914.611
39	и	и	CCONJ	_	_	_	_	_	@oc1983f-words#@oc1983f#1914.6111914.95
40	зависти	зависть	NOUN	_	Animacy=Inan|Case=Gen|Gender=Fem|Number=Sing	_	_	_	@oc1983f-words#@oc1983f#1914.951915.289
41	одновременно	одновременно	ADV	_	Degree=Pos	_	_	_	@oc1983f-words#@oc1983f#1915.2891915.628
42	/	/	PUNCT	_	_	_	_	_	@oc1983f-words#@oc1983f#1915.6281915.967
43	это	это	PRON	_	Animacy=Inan|Case=Nom|Gender=Neut|Number=Sing	_	_	_	@oc1983f-words#@oc1983f#1915.9671916.312
44	две	два	NUM	_	Case=Nom|Gender=Fem	_	_	_	@oc1983f-words#@oc1983f#1916.5991916.872
45	стороны	сторона	NOUN	_	Animacy=Inan|Case=Gen|Gender=Fem|Number=Sing	_	_	_	@oc1983f-words#@oc1983f#1916.8721917.145
46	/	/	PUNCT	_	_	_	_	_	@oc1983f-words#@oc1983f#1917.1451917.418
47	одного	один	DET	_	Case=Gen|Degree=Pos|Gender=Masc|Number=Sing	_	_	_	@oc1983f-words#@oc1983f#1917.4181917.691
48	и	и	CCONJ	_	_	_	_	_	@oc1983f-words#@oc1983f#1917.6911917.964
49	того	тот	DET	_	Case=Gen|Gender=Masc|Number=Sing	_	_	_	@oc1983f-words#@oc1983f#1917.9641918.237
50	же	же	PART	_	_	_	_	_	@oc1983f-words#@oc1983f#1918.2371918.51
51	процесса	процесс	NOUN	_	Animacy=Inan|Case=Gen|Gender=Masc|Number=Sing	_	_	_	@oc1983f-words#@oc1983f#1918.511918.783
52	/	/	PUNCT	_	_	_	_	_	@oc1983f-words#@oc1983f#1918.7831919.056
53	когда	когда	SCONJ	_	_	_	_	_	@oc1983f-words#@oc1983f#1919.0561919.329
54	на	на	ADP	_	_	_	_	_	@oc1983f-words#@oc1983f#1919.3291919.602
55	тебя	ты	PRON	_	Case=Acc|Number=Sing|Person=2	_	_	_	@oc1983f-words#@oc1983f#1919.6021919.875
56	обращены	обратить	VERB	_	Aspect=Perf|Number=Plur|Tense=Past|Variant=Short|VerbForm=Part|Voice=Pass	_	_	_	@oc1983f-words#@oc1983f#1919.8751920.148
57	э	э	INTJ	_	_	_	_	_	@oc1983f-words#@oc1983f#1920.5421920.755
58	/	/	PUNCT	_	_	_	_	_	@oc1983f-words#@oc1983f#1920.7551920.968
59	десятки	десяток	NOUN	_	Animacy=Inan|Case=Nom|Gender=Masc|Number=Plur	_	_	_	@oc1983f-words#@oc1983f#1920.9681921.181
60	тысяч	тысяча	NOUN	_	Animacy=Inan|Case=Gen|Gender=Fem|Number=Plur	_	_	_	@oc1983f-words#@oc1983f#1921.1811921.394
61	глаз	глаз	NOUN	_	Animacy=Inan|Case=Gen|Gender=Masc|Number=Plur	_	_	_	@oc1983f-words#@oc1983f#1921.3941921.607
62	/	/	PUNCT	_	_	_	_	_	@oc1983f-words#@oc1983f#1921.6071921.82
63	и	и	CCONJ	_	_	_	_	_	@oc1983f-words#@oc1983f#1921.821922.033
64	ты	ты	PRON	_	Case=Nom|Number=Sing|Person=2	_	_	_	@oc1983f-words#@oc1983f#1922.0331922.246
65	сама	сам	ADJ	_	Case=Nom|Degree=Pos|Gender=Fem|Number=Sing	_	_	_	@oc1983f-words#@oc1983f#1922.2461922.459
66	сказала	сказать	VERB	_	Aspect=Perf|Gender=Fem|Mood=Ind|Number=Sing|Tense=Past|VerbForm=Fin|Voice=Act	_	_	_	@oc1983f-words#@oc1983f#1922.4591922.672
67	/	/	PUNCT	_	_	_	_	_	@oc1983f-words#@oc1983f#1922.6721922.885
68	зайдя	зайти	VERB	_	Aspect=Perf|Tense=Past|VerbForm=Conv|Voice=Act	_	_	_	@oc1983f-words#@oc1983f#1922.8851923.098
69	сюда	сюда	ADV	_	Degree=Pos	_	_	_	@oc1983f-words#@oc1983f#1923.0981923.311
70	/	/	PUNCT	_	_	_	_	_	@oc1983f-words#@oc1983f#1923.3111923.524
71	камеры	камера	NOUN	_	Animacy=Inan|Case=Nom|Gender=Fem|Number=Sing	_	_	_	@oc1983f-words#@oc1983f#1923.5241923.737
72	тебя	ты	PRON	_	Case=Acc|Number=Sing|Person=2	_	_	_	@oc1983f-words#@oc1983f#1923.7371923.95
73	преследуют	преследовать	VERB	_	Aspect=Imp|Mood=Ind|Number=Plur|Person=3|Tense=Pres|VerbForm=Fin|Voice=Act	_	_	_	@oc1983f-words#@oc1983f#1923.951924.163
74	/	/	PUNCT	_	_	_	_	_	@oc1983f-words#@oc1983f#1924.1631924.376
75	сейчас	сейчас	ADV	_	Degree=Pos	_	_	_	@oc1983f-words#@oc1983f#1924.3761924.589
76	/	/	PUNCT	_	_	_	_	_	@oc1983f-words#@oc1983f#1924.5891924.802
77	снимают	снимать	VERB	_	Aspect=Imp|Mood=Ind|Number=Plur|Person=3|Tense=Pres|VerbForm=Fin|Voice=Act	_	_	_	@oc1983f-words#@oc1983f#1924.8021925.015
78	опять	опять	ADV	_	Degree=Pos	_	_	_	@oc1983f-words#@oc1983f#1925.0151925.228
79	о	о	ADP	_	_	_	_	_	@oc1983f-words#@oc1983f#1925.2281925.441
80	тебе	ты	PRON	_	Case=Loc|Number=Sing|Person=2	_	_	_	@oc1983f-words#@oc1983f#1925.4411925.658
81	фильмы	фильм	NOUN	_	Animacy=Inan|Case=Acc|Gender=Masc|Number=Plur	_	_	_	@oc1983f-words#@oc1983f#1926.0741926.38
82	/	/	PUNCT	_	_	_	_	_	@oc1983f-words#@oc1983f#1926.381926.686
83	интервью	интервью	NOUN	_	Animacy=Inan|Case=Acc|Gender=Neut|Number=Plur	_	_	_	@oc1983f-words#@oc1983f#1926.6861926.992
84	/	/	PUNCT	_	_	_	_	_	@oc1983f-words#@oc1983f#1926.9921927.298
85	программы	программа	NOUN	_	Animacy=Inan|Case=Acc|Gender=Fem|Number=Plur	_	_	_	@oc1983f-words#@oc1983f#1927.2981927.604
86	/	/	PUNCT	_	_	_	_	_	@oc1983f-words#@oc1983f#1927.6041927.91
87	ток-шоу	ток-шоу	NOUN	_	Animacy=Inan|Case=Acc|Gender=Neut|Number=Plur	_	_	_	@oc1983f-words#@oc1983f#1927.911928.216
88	как	как	ADV	_	Degree=Pos	_	_	_	@oc1983f-words#@oc1983f#1934.7491934.897
89	остаться	остаться	VERB	_	Aspect=Perf|VerbForm=Inf|Voice=Mid	_	_	_	@oc1983f-words#@oc1983f#1934.8971935.045
90	такой	такой	DET	_	Case=Ins|Gender=Fem|Number=Sing	_	_	_	@oc1983f-words#@oc1983f#1935.0451935.193
91	же	же	PART	_	_	_	_	_	@oc1983f-words#@oc1983f#1935.1931935.341
92	доброй	добрый	ADJ	_	Case=Ins|Degree=Pos|Gender=Fem|Number=Sing	_	_	_	@oc1983f-words#@oc1983f#1935.3411935.489
93	/	/	PUNCT	_	_	_	_	_	@oc1983f-words#@oc1983f#1935.4891935.637
94	как	как	SCONJ	_	_	_	_	_	@oc1983f-words#@oc1983f#1935.6371935.785
95	ты	ты	PRON	_	Case=Nom|Number=Sing|Person=2	_	_	_	@oc1983f-words#@oc1983f#1935.7851935.933
96	?	?	PUNCT	_	_	_	_	_	@oc1983f-words#@oc1983f#1935.9331936.087
97	#хмыкает#	#хмыкает#	X	_	_	_	_	_	@oc1983f-words#@oc1983f#1966.0991966.361
98	важно	важный	ADJ	_	Degree=Pos|Gender=Neut|Number=Sing|Variant=Short	_	_	_	@oc1983f-words#@oc1983f#1980.0951980.37
99	ли	ли	PART	_	_	_	_	_	@oc1983f-words#@oc1983f#1980.371980.645
100	в	в	ADP	_	_	_	_	_	@oc1983f-words#@oc1983f#1980.6451980.92
101	твоей	твой	DET	_	Case=Loc|Gender=Fem|Number=Sing	_	_	_	@oc1983f-words#@oc1983f#1980.921981.195
102	/	/	PUNCT	_	_	_	_	_	@oc1983f-words#@oc1983f#1981.1951981.47
103	молодой	молодой	ADJ	_	Case=Loc|Degree=Pos|Gender=Fem|Number=Sing	_	_	_	@oc1983f-words#@oc1983f#1981.471981.745
104	семье	семья	NOUN	_	Animacy=Inan|Case=Loc|Gender=Fem|Number=Sing	_	_	_	@oc1983f-words#@oc1983f#1981.7451982.02
105	сейчас	сейчас	ADV	_	Degree=Pos	_	_	_	@oc1983f-words#@oc1983f#1982.021982.295
106	что	что	SCONJ	_	_	_	_	_	@oc1983f-words#@oc1983f#1982.2951982.57
107	/	/	PUNCT	_	_	_	_	_	@oc1983f-words#@oc1983f#1982.571982.845
108	у	у	ADP	_	_	_	_	_	@oc1983f-words#@oc1983f#1982.8451983.12
109	тебя	ты	PRON	_	Case=Gen|Number=Sing|Person=2	_	_	_	@oc1983f-words#@oc1983f#1983.121983.395
110	супруг	супруг	NOUN	_	Animacy=Anim|Case=Nom|Gender=Masc|Number=Sing	_	_	_	@oc1983f-words#@oc1983f#1983.3951983.67
111	тоже	тоже	PART	_	_	_	_	_	@oc1983f-words#@oc1983f#1983.671983.945
112	спортсмен	спортсмен	NOUN	_	Animacy=Anim|Case=Nom|Gender=Masc|Number=Sing	_	_	_	@oc1983f-words#@oc1983f#1983.9451984.22
113	/	/	PUNCT	_	_	_	_	_	@oc1983f-words#@oc1983f#1984.221984.495
114	и	и	CCONJ	_	_	_	_	_	@oc1983f-words#@oc1983f#1984.4951984.77
115	что	что	SCONJ	_	_	_	_	_	@oc1983f-words#@oc1983f#1984.771985.049
116	он	он	PRON	_	Case=Nom|Gender=Masc|Number=Sing|Person=3	_	_	_	@oc1983f-words#@oc1983f#1985.4661985.689
117	/	/	PUNCT	_	_	_	_	_	@oc1983f-words#@oc1983f#1985.6891985.912
118	знает	знать	VERB	_	Aspect=Imp|Mood=Ind|Number=Sing|Person=3|Tense=Pres|VerbForm=Fin|Voice=Act	_	_	_	@oc1983f-words#@oc1983f#1985.9121986.135
119	тоже	тоже	PART	_	_	_	_	_	@oc1983f-words#@oc1983f#1986.1351986.358
120	этот	этот	DET	_	Case=Acc|Gender=Masc|Number=Sing	_	_	_	@oc1983f-words#@oc1983f#1986.3581986.581
121	мир	мир	NOUN	_	Animacy=Inan|Case=Acc|Gender=Masc|Number=Sing	_	_	_	@oc1983f-words#@oc1983f#1986.5811986.804
122	изнутри	изнутри	ADV	_	Degree=Pos	_	_	_	@oc1983f-words#@oc1983f#1986.8041987.027
123	и	и	CCONJ	_	_	_	_	_	@oc1983f-words#@oc1983f#1987.0271987.25
124	/	/	PUNCT	_	_	_	_	_	@oc1983f-words#@oc1983f#1987.251987.473
125	смог	смочь	VERB	_	Aspect=Perf|Gender=Masc|Mood=Ind|Number=Sing|Tense=Past|VerbForm=Fin|Voice=Act	_	_	_	@oc1983f-words#@oc1983f#1987.4731987.696
126	бы	бы	PART	_	_	_	_	_	@oc1983f-words#@oc1983f#1987.6961987.919
127	тебя	ты	PRON	_	Case=Acc|Number=Sing|Person=2	_	_	_	@oc1983f-words#@oc1983f#1987.9191988.142
128	/	/	PUNCT	_	_	_	_	_	@oc1983f-words#@oc1983f#1988.1421988.365
129	как	как	ADV	_	_	_	_	_	@oc1983f-words#@oc1983f#1988.3651988.588
130	ты	ты	PRON	_	Case=Nom|Number=Sing|Person=2	_	_	_	@oc1983f-words#@oc1983f#1988.5881988.811
131	думаешь	думать	VERB	_	Aspect=Imp|Mood=Ind|Number=Sing|Person=2|Tense=Pres|VerbForm=Fin|Voice=Act	_	_	_	@oc1983f-words#@oc1983f#1988.8111989.034
132	/	/	PUNCT	_	_	_	_	_	@oc1983f-words#@oc1983f#1989.0341989.257
133	понять	понять	VERB	_	Aspect=Perf|VerbForm=Inf|Voice=Act	_	_	_	@oc1983f-words#@oc1983f#1989.2571989.48
134	кто-нибудь	кто-нибудь	PRON	_	Case=Nom	_	_	_	@oc1983f-words#@oc1983f#1989.481989.703
135	другой	другой	ADJ	_	Case=Nom|Degree=Pos|Gender=Masc|Number=Sing	_	_	_	@oc1983f-words#@oc1983f#1989.7031989.926
136	так	так	ADV	_	Degree=Pos	_	_	_	@oc1983f-words#@oc1983f#1989.9261990.149
137	же	же	PART	_	_	_	_	_	@oc1983f-words#@oc1983f#1990.1491990.372
138	?	?	PUNCT	_	_	_	_	_	@oc1983f-words#@oc1983f#1990.3721990.616
139	м	м	INTJ	_	_	_	_	_	@oc1983f-words#@oc1983f#2001.0422001.313
140	ленточку	ленточка	NOUN	_	Animacy=Inan|Case=Acc|Gender=Fem|Number=Sing	_	_	_	@oc1983f-words#@oc1983f#2001.4832001.983
141	покрутить	покрутить	VERB	_	Aspect=Perf|VerbForm=Inf|Voice=Act	_	_	_	@oc1983f-words#@oc1983f#2001.9832002.483
142	#смеется#	#смеется#	X	_	_	_	_	_	@oc1983f-words#@oc1983f#2005.192005.991
143	приобщила	приобщить	VERB	_	Aspect=Perf|Gender=Fem|Mood=Ind|Number=Sing|Tense=Past|VerbForm=Fin|Voice=Act	_	_	_	@oc1983f-words#@oc1983f#2012.6882012.958
144	еще	еще	ADV	_	Degree=Pos	_	_	_	@oc1983f-words#@oc1983f#2012.9582013.228
145	/	/	PUNCT	_	_	_	_	_	@oc1983f-words#@oc1983f#2013.2282013.498
146	фанатский	фанатский	ADJ	_	Case=Acc|Degree=Pos|Gender=Masc|Number=Sing	_	_	_	@oc1983f-words#@oc1983f#2013.4982013.768
147	сектор	сектор	NOUN	_	Animacy=Inan|Case=Acc|Gender=Masc|Number=Sing	_	_	_	@oc1983f-words#@oc1983f#2013.7682014.038
148	/	/	PUNCT	_	_	_	_	_	@oc1983f-words#@oc1983f#2014.0382014.308
149	увеличила	увеличить	VERB	_	Aspect=Perf|Gender=Fem|Mood=Ind|Number=Sing|Tense=Past|VerbForm=Fin|Voice=Act	_	_	_	@oc1983f-words#@oc1983f#2014.3082014.578
150	немножко	немножко	ADV	_	Degree=Pos	_	_	_	@oc1983f-words#@oc1983f#2014.5782014.849
151	#смеется#	#смеется#	X	_	Animacy=Inan|Case=Gen|Gender=Fem|Number=Sing	_	_	_	@oc1983f-words#@oc1983f#2014.9442015.822
152	жаловалась	жаловаться	VERB	_	Aspect=Imp|Gender=Fem|Mood=Ind|Number=Sing|Tense=Past|VerbForm=Fin|Voice=Mid	_	_	_	@oc1983f-words#@oc1983f#2046.7522046.965
153	немножко	немножко	ADV	_	Degree=Pos	_	_	_	@oc1983f-words#@oc1983f#2046.9652047.178
154	/	/	PUNCT	_	_	_	_	_	@oc1983f-words#@oc1983f#2047.1782047.391
155	ему	он	PRON	_	Case=Dat|Gender=Masc|Number=Sing|Person=3	_	_	_	@oc1983f-words#@oc1983f#2047.3912047.604
156	наверно	наверно	ADV	_	Degree=Pos	_	_	_	@oc1983f-words#@oc1983f#2047.6042047.817
157	/	/	PUNCT	_	_	_	_	_	@oc1983f-words#@oc1983f#2047.8172048.03
158	да	да	PART	_	_	_	_	_	@oc1983f-words#@oc1983f#2048.032048.243
159	?	?	PUNCT	_	_	_	_	_	@oc1983f-words#@oc1983f#2048.2432048.458
160	#смеется#	#смеется#	X	_	_	_	_	_	@oc1983f-words#@oc1983f#2049.3022050.174
161	он	он	PRON	_	Case=Nom|Gender=Masc|Number=Sing|Person=3	_	_	_	@oc1983f-words#@oc1983f#2053.552053.806
162	хотел	хотеть	VERB	_	Aspect=Imp|Gender=Masc|Mood=Ind|Number=Sing|Tense=Past|VerbForm=Fin|Voice=Act	_	_	_	@oc1983f-words#@oc1983f#2053.8062054.062
163	приехать	приехать	VERB	_	Aspect=Perf|VerbForm=Inf|Voice=Act	_	_	_	@oc1983f-words#@oc1983f#2054.0622054.318
164	и	и	CCONJ	_	_	_	_	_	@oc1983f-words#@oc1983f#2054.3182054.574
165	мм	мм	INTJ	_	_	_	_	_	@oc1983f-words#@oc1983f#2054.5742054.83
166	/	/	PUNCT	_	_	_	_	_	@oc1983f-words#@oc1983f#2054.832055.086
167	растерзать	растерзать	VERB	_	Aspect=Perf|VerbForm=Inf|Voice=Act	_	_	_	@oc1983f-words#@oc1983f#2055.0862055.342
168	их	они	PRON	_	Case=Acc|Number=Plur|Person=3	_	_	_	@oc1983f-words#@oc1983f#2055.3422055.598
169	/	/	PUNCT	_	_	_	_	_	@oc1983f-words#@oc1983f#2055.5982055.854
170	наверно	наверно	ADV	_	Degree=Pos	_	_	_	@oc1983f-words#@oc1983f#2055.8542056.11
171	#смеется#	#смеется#	X	_	_	_	_	_	@oc1983f-words#@oc1983f#2056.3852059.082
172	#хмыкает#	#хмыкает#	X	_	_	_	_	_	@oc1983f-words#@oc1983f#2071.2562071.522
173	#хмыкает#	#хмыкает#	X	_	_	_	_	_	@oc1983f-words#@oc1983f#2097.4772097.727
174	#хмыкает#	#хмыкает#	X	_	_	_	_	_	@oc1983f-words#@oc1983f#2103.4722103.899
175	да	да	PART	_	_	_	_	_	@oc1983f-words#@oc1983f#2105.6042105.697
176	/	/	PUNCT	_	_	_	_	_	@oc1983f-words#@oc1983f#2105.6972105.79
177	да	да	PART	_	_	_	_	_	@oc1983f-words#@oc1983f#2105.792105.884
178	#смеется#	#смеется#	X	_	_	_	_	_	@oc1983f-words#@oc1983f#2108.6572109.762
179	абсолютно	абсолютно	ADV	_	Degree=Pos	_	_	_	@oc1983f-words#@oc1983f#2117.1352117.372
180	все	все	PRON	_	Animacy=Anim|Case=Nom|Number=Plur	_	_	_	@oc1983f-words#@oc1983f#2117.3722117.609
181	говорят	говорить	VERB	_	Aspect=Imp|Mood=Ind|Number=Plur|Person=3|Tense=Pres|VerbForm=Fin|Voice=Act	_	_	_	@oc1983f-words#@oc1983f#2117.6092117.846
182	/	/	PUNCT	_	_	_	_	_	@oc1983f-words#@oc1983f#2117.8462118.083
183	что	что	SCONJ	_	_	_	_	_	@oc1983f-words#@oc1983f#2118.0832118.32
184	у	у	ADP	_	_	_	_	_	@oc1983f-words#@oc1983f#2118.322118.557
185	тебя	ты	PRON	_	Case=Gen|Number=Sing|Person=2	_	_	_	@oc1983f-words#@oc1983f#2118.5572118.794
186	/	/	PUNCT	_	_	_	_	_	@oc1983f-words#@oc1983f#2118.7942119.031
187	неспортивный	неспортивный	ADJ	_	Case=Nom|Degree=Pos|Gender=Masc|Number=Sing	_	_	_	@oc1983f-words#@oc1983f#2119.0312119.268
188	характер	характер	NOUN	_	Animacy=Inan|Case=Nom|Gender=Masc|Number=Sing	_	_	_	@oc1983f-words#@oc1983f#2119.2682119.51
189	в	в	ADP	_	_	_	_	_	@oc1983f-words#@oc1983f#2119.6462119.996
190	классическом	классический	ADJ	_	Case=Loc|Degree=Pos|Gender=Masc|Number=Sing	_	_	_	@oc1983f-words#@oc1983f#2119.9962120.346
191	смысле	смысл	NOUN	_	Animacy=Inan|Case=Loc|Gender=Masc|Number=Sing	_	_	_	@oc1983f-words#@oc1983f#2120.3462120.698
192	то	то	PRON	_	Animacy=Inan|Case=Nom|Gender=Neut|Number=Sing	_	_	_	@oc1983f-words#@oc1983f#2121.0362121.267
193	есть	быть	VERB	_	Aspect=Imp|Mood=Ind|Number=Sing|Person=3|Tense=Pres|VerbForm=Fin|Voice=Act	_	_	_	@oc1983f-words#@oc1983f#2121.2672121.498
194	/	/	PUNCT	_	_	_	_	_	@oc1983f-words#@oc1983f#2121.4982121.729
195	ээ	ээ	INTJ	_	_	_	_	_	@oc1983f-words#@oc1983f#2121.7292121.96
196	бб	бб	INTJ	_	_	_	_	_	@oc1983f-words#@oc1983f#2121.962122.194
197	во-первых	во-первых	ADV	_	_	_	_	_	@oc1983f-words#@oc1983f#2122.6942122.939
198	/	/	PUNCT	_	_	_	_	_	@oc1983f-words#@oc1983f#2122.9392123.184
199	отсутсвие	отсутсвие	NOUN	_	Animacy=Inan|Case=Nom|Gender=Neut|Number=Sing	_	_	_	@oc1983f-words#@oc1983f#2123.1842123.429
200	эгоизма	эгоизм	NOUN	_	Animacy=Inan|Case=Gen|Gender=Masc|Number=Sing	_	_	_	@oc1983f-words#@oc1983f#2123.4292123.674
201	/	/	PUNCT	_	_	_	_	_	@oc1983f-words#@oc1983f#2123.6742123.919
202	конкуренции	конкуренция	NOUN	_	Animacy=Inan|Case=Gen|Gender=Fem|Number=Sing	_	_	_	@oc1983f-words#@oc1983f#2123.9192124.164
203	/	/	PUNCT	_	_	_	_	_	@oc1983f-words#@oc1983f#2124.1642124.409
204	вот	вот	PART	_	_	_	_	_	@oc1983f-words#@oc1983f#2124.4092124.654
205	этого	этот	DET	_	Animacy=Inan|Case=Gen|Gender=Neut|Number=Sing	_	_	_	@oc1983f-words#@oc1983f#2124.6542124.899
206	желания	желание	NOUN	_	Animacy=Inan|Case=Gen|Gender=Neut|Number=Sing	_	_	_	@oc1983f-words#@oc1983f#2124.8992125.144
207	урвать	урвать	VERB	_	Aspect=Imp|VerbForm=Inf|Voice=Act	_	_	_	@oc1983f-words#@oc1983f#2125.1442125.389
208	зубами	зуб	NOUN	_	Animacy=Inan|Case=Ins|Gender=Masc|Number=Plur	_	_	_	@oc1983f-words#@oc1983f#2125.3892125.634
209	/	/	PUNCT	_	_	_	_	_	@oc1983f-words#@oc1983f#2125.6342125.879
210	все	все	PRON	_	Animacy=Inan|Case=Nom|Gender=Neut|Number=Sing	_	_	_	@oc1983f-words#@oc1983f#2125.8792126.124
211	во	в	ADP	_	_	_	_	_	@oc1983f-words#@oc1983f#2126.1242126.369
212	имя	имя	NOUN	_	Animacy=Inan|Case=Acc|Gender=Neut|Number=Sing	_	_	_	@oc1983f-words#@oc1983f#2126.3692126.614
213	победы	победа	NOUN	_	Animacy=Inan|Case=Gen|Gender=Fem|Number=Sing	_	_	_	@oc1983f-words#@oc1983f#2126.6142126.859
214	/	/	PUNCT	_	_	_	_	_	@oc1983f-words#@oc1983f#2126.8592127.104
215	и	и	CCONJ	_	_	_	_	_	@oc1983f-words#@oc1983f#2127.1042127.349
216	так	так	ADV	_	Degree=Pos	_	_	_	@oc1983f-words#@oc1983f#2127.3492127.594
217	далее	далее	ADV	_	Degree=Pos	_	_	_	@oc1983f-words#@oc1983f#2127.5942127.839
218	/	/	PUNCT	_	_	_	_	_	@oc1983f-words#@oc1983f#2127.8392128.084
219	и	и	PART	_	_	_	_	_	@oc1983f-words#@oc1983f#2128.0842128.329
220	то	то	DET	_	_	_	_	_	@oc1983f-words#@oc1983f#2128.3292128.574
221	что	что	SCONJ	_	_	_	_	_	@oc1983f-words#@oc1983f#2128.5742128.819
222	ты	ты	PRON	_	Case=Nom|Number=Sing|Person=2	_	_	_	@oc1983f-words#@oc1983f#2128.8192129.064
223	такая	такой	DET	_	Case=Nom|Gender=Fem|Number=Sing	_	_	_	@oc1983f-words#@oc1983f#2129.0642129.309
224	чуткая	чуткий	ADJ	_	Case=Nom|Degree=Pos|Gender=Fem|Number=Sing	_	_	_	@oc1983f-words#@oc1983f#2129.3092129.554
225	/	/	PUNCT	_	_	_	_	_	@oc1983f-words#@oc1983f#2129.5542129.799
226	и	и	CCONJ	_	_	_	_	_	@oc1983f-words#@oc1983f#2129.7992130.044
227	чувствительная	чувствительный	ADJ	_	Case=Nom|Degree=Pos|Gender=Fem|Number=Sing	_	_	_	@oc1983f-words#@oc1983f#2130.0442130.289
228	/	/	PUNCT	_	_	_	_	_	@oc1983f-words#@oc1983f#2130.2892130.534
229	и	и	CCONJ	_	_	_	_	_	@oc1983f-words#@oc1983f#2130.5342130.779
230	эмоциональная	эмоциональный	ADJ	_	Case=Nom|Degree=Pos|Gender=Fem|Number=Sing	_	_	_	@oc1983f-words#@oc1983f#2130.7792131.053
231	еще	еще	ADV	_	Degree=Pos	_	_	_	@oc1983f-words#@oc1983f#2131.3242131.613
232	и	и	PART	_	_	_	_	_	@oc1983f-words#@oc1983f#2131.6132131.902
233	замкнутая	замкнутый	ADJ	_	Case=Nom|Degree=Pos|Gender=Fem|Number=Sing	_	_	_	@oc1983f-words#@oc1983f#2131.9022132.191
234	/	/	PUNCT	_	_	_	_	_	@oc1983f-words#@oc1983f#2132.1912132.48
235	и	и	CCONJ	_	_	_	_	_	@oc1983f-words#@oc1983f#2132.482132.769
236	се...	се..	X	_	_	_	_	_	@oc1983f-words#@oc1983f#2132.7692133.058
237	супер	супер	ADV	_	Degree=Pos	_	_	_	@oc1983f-words#@oc1983f#2133.0582133.347
238	воспитанная	воспитанный	ADJ	_	Case=Nom|Degree=Pos|Gender=Fem|Number=Sing	_	_	_	@oc1983f-words#@oc1983f#2133.3472133.637
239	то	то	PRON	_	Animacy=Inan|Case=Nom|Gender=Neut|Number=Sing	_	_	_	@oc1983f-words#@oc1983f#2133.9832134.22
240	есть	быть	VERB	_	Aspect=Imp|Mood=Ind|Number=Sing|Person=3|Tense=Pres|VerbForm=Fin|Voice=Act	_	_	_	@oc1983f-words#@oc1983f#2134.222134.457
241	все	все	PRON	_	Case=Nom|Number=Plur	_	_	_	@oc1983f-words#@oc1983f#2134.4572134.694
242	говорят	говорить	VERB	_	Aspect=Imp|Mood=Ind|Number=Plur|Person=3|Tense=Pres|VerbForm=Fin|Voice=Act	_	_	_	@oc1983f-words#@oc1983f#2134.6942134.931
243	/	/	PUNCT	_	_	_	_	_	@oc1983f-words#@oc1983f#2134.9312135.168
244	что	что	SCONJ	_	_	_	_	_	@oc1983f-words#@oc1983f#2135.1682135.405
245	это	это	PRON	_	Animacy=Inan|Case=Nom|Gender=Neut|Number=Sing	_	_	_	@oc1983f-words#@oc1983f#2135.4052135.642
246	неспортивный	неспортивный	ADJ	_	Case=Nom|Degree=Pos|Gender=Masc|Number=Sing	_	_	_	@oc1983f-words#@oc1983f#2135.6422135.879
247	характер	характер	NOUN	_	Animacy=Inan|Case=Nom|Gender=Masc|Number=Sing	_	_	_	@oc1983f-words#@oc1983f#2135.8792136.12
248	что	что	PRON	_	Case=Nom	_	_	_	@oc1983f-words#@oc1983f#2136.1262136.305
249	такое	такой	DET	_	Case=Nom|Gender=Neut|Number=Sing	_	_	_	@oc1983f-words#@oc1983f#2136.3052136.484
250	вообще	вообще	ADV	_	Degree=Pos	_	_	_	@oc1983f-words#@oc1983f#2136.4842136.663
251	с…	спортивный	ADJ	_	_	_	_	_	@oc1983f-words#@oc1983f#2136.6632136.842
252	/	/	PUNCT	_	_	_	_	_	@oc1983f-words#@oc1983f#2136.8422137.021
253	в…	в…	X	_	_	_	_	_	@oc1983f-words#@oc1983f#2137.0212137.2
254	/	/	PUNCT	_	_	_	_	_	@oc1983f-words#@oc1983f#2137.22137.379
255	я	я	PRON	_	Case=Nom|Number=Sing|Person=1	_	_	_	@oc1983f-words#@oc1983f#2137.3792137.558
256	не	не	PART	_	_	_	_	_	@oc1983f-words#@oc1983f#2137.5582137.737
257	знаю	знать	VERB	_	Aspect=Imp|Mood=Ind|Number=Sing|Person=1|Tense=Pres|VerbForm=Fin|Voice=Act	_	_	_	@oc1983f-words#@oc1983f#2137.7372137.916
258	[нрзб]	[нрзб]	X	_	_	_	_	_	@oc1983f-words#@oc1983f#2137.9162138.095
259	#смеется#	#смеется#	X	_	_	_	_	_	@oc1983f-words#@oc1983f#2164.4622167.286
260	#хмыкает#	#хмыкает#	X	_	_	_	_	_	@oc1983f-words#@oc1983f#2204.3812204.672
261	уже	уже	ADV	_	Degree=Pos	_	_	_	@mm1995f-words#@mm1995f#1888.291888.584
262	давно	давно	ADV	_	Degree=Pos	_	_	_	@mm1995f-words#@mm1995f#1888.5841888.878
263	/	/	PUNCT	_	_	_	_	_	@mm1995f-words#@mm1995f#1888.8781889.172
264	я	я	PRON	_	Case=Nom|Number=Sing|Person=1	_	_	_	@mm1995f-words#@mm1995f#1889.1721889.466
265	вообще	вообще	ADV	_	Degree=Pos	_	_	_	@mm1995f-words#@mm1995f#1889.4661889.76
266	-	-	PUNCT	_	_	_	_	_	@mm1995f-words#@mm1995f#1889.4661889.77
267	то	то	PART	_	_	_	_	_	@mm1995f-words#@mm1995f#1889.4661889.78
268	два	два	NUM	_	Animacy=Inan|Case=Acc|Gender=Masc	_	_	_	@mm1995f-words#@mm1995f#1889.761890.054
269	года	год	NOUN	_	Animacy=Inan|Case=Gen|Gender=Masc|Number=Sing	_	_	_	@mm1995f-words#@mm1995f#1890.0541890.348
270	уже	уже	ADV	_	Degree=Pos	_	_	_	@mm1995f-words#@mm1995f#1890.3481890.642
271	беременна	беременный	ADJ	_	Degree=Pos|Gender=Fem|Number=Sing|Variant=Short	_	_	_	@mm1995f-words#@mm1995f#1890.6421890.936
272	вообще	вообще	ADV	_	Degree=Pos	_	_	_	@mm1995f-words#@mm1995f#1890.9361891.23
273	-	-	PUNCT	_	_	_	_	_	@mm1995f-words#@mm1995f#1890.9361891.24
274	то	то	PART	_	_	_	_	_	@mm1995f-words#@mm1995f#1890.9361891.25
275	/	/	PUNCT	_	_	_	_	_	@mm1995f-words#@mm1995f#1891.231891.524
276	как	как	SCONJ	_	_	_	_	_	@mm1995f-words#@mm1995f#1891.5241891.818
277	/	/	PUNCT	_	_	_	_	_	@mm1995f-words#@mm1995f#1891.8181892.112
278	мне	я	PRON	_	Case=Dat|Number=Sing|Person=1	_	_	_	@mm1995f-words#@mm1995f#1892.1121892.406
279	Саша	Саша	PROPN	_	Animacy=Anim|Case=Nom|Gender=Masc|Number=Sing	_	_	_	@mm1995f-words#@mm1995f#1892.4061892.7
280	сделал	сделать	VERB	_	Aspect=Perf|Gender=Masc|Mood=Ind|Number=Sing|Tense=Past|VerbForm=Fin|Voice=Act	_	_	_	@mm1995f-words#@mm1995f#1892.71892.994
281	предложение	предложение	NOUN	_	Animacy=Inan|Case=Acc|Gender=Neut|Number=Sing	_	_	_	@mm1995f-words#@mm1995f#1892.9941893.292
282	естественно	естественно	ADV	_	Degree=Pos	_	_	_	@mm1995f-words#@mm1995f#1893.6511894.004
283	все	все	PRON	_	Animacy=Anim|Case=Nom|Number=Plur	_	_	_	@mm1995f-words#@mm1995f#1894.0041894.357
284	начали	начать	VERB	_	Aspect=Perf|Mood=Ind|Number=Plur|Tense=Past|VerbForm=Fin|Voice=Act	_	_	_	@mm1995f-words#@mm1995f#1894.3571894.712
285	наверно	наверно	ADV	_	Degree=Pos	_	_	_	@mm1995f-words#@mm1995f#1895.2761895.561
286	/	/	PUNCT	_	_	_	_	_	@mm1995f-words#@mm1995f#1895.5611895.846
287	она	она	PRON	_	Case=Nom|Gender=Fem|Number=Sing|Person=3	_	_	_	@mm1995f-words#@mm1995f#1895.8461896.131
288	беременна	беременный	ADJ	_	Degree=Pos|Gender=Fem|Number=Sing|Variant=Short	_	_	_	@mm1995f-words#@mm1995f#1896.1311896.419
289	у	у	ADP	_	_	_	_	_	@mm1995f-words#@mm1995f#1896.6681896.96
290	всех	все	PRON	_	Animacy=Anim|Case=Gen|Number=Plur	_	_	_	@mm1995f-words#@mm1995f#1896.961897.252
291	какие-то	какой-то	DET	_	Case=Nom|Number=Plur	_	_	_	@mm1995f-words#@mm1995f#1897.2521897.544
292	сложные	сложный	ADJ	_	Case=Nom|Degree=Pos|Number=Plur	_	_	_	@mm1995f-words#@mm1995f#1897.5441897.836
293	стереотипы	стереотип	NOUN	_	Animacy=Inan|Case=Nom|Gender=Masc|Number=Plur	_	_	_	@mm1995f-words#@mm1995f#1897.8361898.128
294	/	/	PUNCT	_	_	_	_	_	@mm1995f-words#@mm1995f#1898.1281898.42
295	двадцать	двадцать	NUM	_	Case=Nom	_	_	_	@mm1995f-words#@mm1995f#1898.421898.712
296	лет	год	NOUN	_	Animacy=Inan|Case=Gen|Gender=Masc|Number=Plur	_	_	_	@mm1995f-words#@mm1995f#1898.7121899.005
297	рано	рано	ADV	_	Degree=Pos	_	_	_	@mm1995f-words#@mm1995f#1899.2921899.789
298	соро...	сорок	NUM	_	_	_	_	_	@mm1995f-words#@mm1995f#1899.9821900.375
299	сорок	сорок	NUM	_	Case=Nom	_	_	_	@mm1995f-words#@mm1995f#1900.3751900.768
300	лет	год	NOUN	_	Animacy=Inan|Case=Gen|Gender=Masc|Number=Plur	_	_	_	@mm1995f-words#@mm1995f#1900.7681901.161
301	/	/	PUNCT	_	_	_	_	_	@mm1995f-words#@mm1995f#1901.1611901.554
302	поздно	поздно	ADV	_	Degree=Pos	_	_	_	@mm1995f-words#@mm1995f#1901.5541901.95
303	э	э	INTJ	_	_	_	_	_	@mm1995f-words#@mm1995f#1902.2931902.563
304	/	/	PUNCT	_	_	_	_	_	@mm1995f-words#@mm1995f#1902.5631902.833
305	значит	значит	ADV	_	Degree=Pos	_	_	_	@mm1995f-words#@mm1995f#1902.8331903.103
306	/	/	PUNCT	_	_	_	_	_	@mm1995f-words#@mm1995f#1903.1031903.373
307	дружбы	дружба	NOUN	_	Animacy=Inan|Case=Gen|Gender=Fem|Number=Sing	_	_	_	@mm1995f-words#@mm1995f#1903.3731903.643
308	не	не	PART	_	_	_	_	_	@mm1995f-words#@mm1995f#1903.6431903.913
309	бывает	бывать	VERB	_	Aspect=Imp|Mood=Ind|Number=Sing|Person=3|Tense=Pres|VerbForm=Fin|Voice=Act	_	_	_	@mm1995f-words#@mm1995f#1903.9131904.183
310	и	и	CCONJ	_	_	_	_	_	@mm1995f-words#@mm1995f#1904.3661904.653
311	все	все	PART	_	_	_	_	_	@mm1995f-words#@mm1995f#1904.6531904.94
312	вот	вот	PART	_	_	_	_	_	@mm1995f-words#@mm1995f#1904.941905.227
313	такое	такой	DET	_	Case=Nom|Gender=Neut|Number=Sing	_	_	_	@mm1995f-words#@mm1995f#1905.2271905.514
314	такое	такой	DET	_	Case=Nom|Gender=Neut|Number=Sing	_	_	_	@mm1995f-words#@mm1995f#1905.5141905.801
315	такое	такой	DET	_	Case=Nom|Gender=Neut|Number=Sing	_	_	_	@mm1995f-words#@mm1995f#1905.8011906.088
316	/	/	PUNCT	_	_	_	_	_	@mm1995f-words#@mm1995f#1906.0881906.375
317	людям	человек	NOUN	_	Animacy=Anim|Case=Dat|Gender=Masc|Number=Plur	_	_	_	@mm1995f-words#@mm1995f#1906.3751906.662
318	свойственно	свойственный	ADJ	_	Degree=Pos|Gender=Neut|Number=Sing|Variant=Short	_	_	_	@mm1995f-words#@mm1995f#1906.6621906.949
319	ммм	ммм	INTJ	_	_	_	_	_	@mm1995f-words#@mm1995f#1907.7271908.249
320	покапаться	покапаться	VERB	_	Aspect=Perf|VerbForm=Inf|Voice=Mid	_	_	_	@mm1995f-words#@mm1995f#1908.6061909.673
321	уже	уже	ADV	_	Degree=Pos	_	_	_	@mm1995f-words#@mm1995f#1910.0231910.411
322	[нрзб]	[нрзб]	X	_	_	_	_	_	@mm1995f-words#@mm1995f#1910.4111910.799
323	нет	нет	PART	_	_	_	_	_	@mm1995f-words#@mm1995f#1928.0761928.302
324	/	/	PUNCT	_	_	_	_	_	@mm1995f-words#@mm1995f#1928.3021928.528
325	конечно	конечно	ADV	_	Degree=Pos	_	_	_	@mm1995f-words#@mm1995f#1928.5281928.754
326	/	/	PUNCT	_	_	_	_	_	@mm1995f-words#@mm1995f#1928.7541928.98
327	всегда	всегда	ADV	_	Degree=Pos	_	_	_	@mm1995f-words#@mm1995f#1928.981929.206
328	бы	бы	PART	_	_	_	_	_	@mm1995f-words#@mm1995f#1929.2061929.432
329	так	так	ADV	_	Degree=Pos	_	_	_	@mm1995f-words#@mm1995f#1929.4321929.658
330	/	/	PUNCT	_	_	_	_	_	@mm1995f-words#@mm1995f#1929.6581929.884
331	я	я	PRON	_	Case=Nom|Number=Sing|Person=1	_	_	_	@mm1995f-words#@mm1995f#1929.8841930.11
332	очень	очень	ADV	_	Degree=Pos	_	_	_	@mm1995f-words#@mm1995f#1930.111930.336
333	рада	рад	ADJ	_	Degree=Pos|Gender=Fem|Number=Sing|Variant=Short	_	_	_	@mm1995f-words#@mm1995f#1930.3361930.565
334	п	п	X	_	_	_	_	_	@mm1995f-words#@mm1995f#1930.7111930.951
335	/	/	PUNCT	_	_	_	_	_	@mm1995f-words#@mm1995f#1930.9511931.191
336	это	это	PRON	_	Animacy=Inan|Case=Nom|Gender=Neut|Number=Sing	_	_	_	@mm1995f-words#@mm1995f#1931.1911931.431
337	п...	прекрасно	ADV	_	_	_	_	_	@mm1995f-words#@mm1995f#1931.4311931.671
338	это	это	PRON	_	Animacy=Inan|Case=Nom|Gender=Neut|Number=Sing	_	_	_	@mm1995f-words#@mm1995f#1931.6711931.911
339	прекрасно	прекрасно	ADV	_	Degree=Pos|Gender=Neut|Number=Sing|Variant=Short	_	_	_	@mm1995f-words#@mm1995f#1931.9111932.151
340	и	и	CCONJ	_	_	_	_	_	@mm1995f-words#@mm1995f#1932.1511932.396
341	э	э	INTJ	_	_	_	_	_	@mm1995f-words#@mm1995f#1933.0891933.33
342	/	/	PUNCT	_	_	_	_	_	@mm1995f-words#@mm1995f#1933.331933.571
343	это	это	PRON	_	Animacy=Inan|Case=Nom|Gender=Neut|Number=Sing	_	_	_	@mm1995f-words#@mm1995f#1933.5711933.812
344	здорово	здорово	ADV	_	Degree=Pos	_	_	_	@mm1995f-words#@mm1995f#1933.8121934.053
345	и	и	CCONJ	_	_	_	_	_	@mm1995f-words#@mm1995f#1934.0531934.294
346	/	/	PUNCT	_	_	_	_	_	@mm1995f-words#@mm1995f#1934.2941934.535
347	я	я	PRON	_	Case=Nom|Number=Sing|Person=1	_	_	_	@mm1995f-words#@mm1995f#1934.5351934.776
348	рада	рад	ADJ	_	Degree=Pos|Gender=Fem|Number=Sing|Variant=Short	_	_	_	@mm1995f-words#@mm1995f#1934.7761935.017
349	что	что	SCONJ	_	_	_	_	_	@mm1995f-words#@mm1995f#1935.0171935.266
350	уфф	уфф	INTJ	_	_	_	_	_	@mm1995f-words#@mm1995f#1936.5161936.786
351	/	/	PUNCT	_	_	_	_	_	@mm1995f-words#@mm1995f#1936.7861937.056
352	я	я	PRON	_	Case=Nom|Number=Sing|Person=1	_	_	_	@mm1995f-words#@mm1995f#1937.0561937.326
353	не	не	PART	_	_	_	_	_	@mm1995f-words#@mm1995f#1937.3261937.596
354	знаю	знать	VERB	_	Aspect=Imp|Mood=Ind|Number=Sing|Person=1|Tense=Pres|VerbForm=Fin|Voice=Act	_	_	_	@mm1995f-words#@mm1995f#1937.5961937.866
355	#смеется#	#смеется#	X	_	_	_	_	_	@mm1995f-words#@mm1995f#1937.8661939.233
356	сложно	сложный	ADJ	_	Degree=Pos|Gender=Neut|Number=Sing|Variant=Short	_	_	_	@mm1995f-words#@mm1995f#1939.3321939.702
357	сказать	сказать	VERB	_	Aspect=Perf|VerbForm=Inf|Voice=Act	_	_	_	@mm1995f-words#@mm1995f#1939.7021940.072
358	/	/	PUNCT	_	_	_	_	_	@mm1995f-words#@mm1995f#1940.0721940.442
359	э	э	INTJ	_	_	_	_	_	@mm1995f-words#@mm1995f#1940.4421940.815
360	на	на	ADP	_	_	_	_	_	@mm1995f-words#@mm1995f#1941.0971941.369
361	самом	самый	ADJ	_	Case=Loc|Degree=Pos|Gender=Neut|Number=Sing	_	_	_	@mm1995f-words#@mm1995f#1941.3691941.641
362	деле	дело	NOUN	_	Animacy=Inan|Case=Loc|Gender=Neut|Number=Sing	_	_	_	@mm1995f-words#@mm1995f#1941.6411941.915
363	мне	я	PRON	_	Case=Dat|Number=Sing|Person=1	_	_	_	@mm1995f-words#@mm1995f#1942.5341942.887
364	повезло	повезти	VERB	_	Aspect=Perf|Gender=Neut|Mood=Ind|Number=Sing|Tense=Past|VerbForm=Fin|Voice=Act	_	_	_	@mm1995f-words#@mm1995f#1942.8871943.24
365	с	с	ADP	_	_	_	_	_	@mm1995f-words#@mm1995f#1943.241943.593
366	моими	мой	DET	_	Case=Ins|Number=Plur	_	_	_	@mm1995f-words#@mm1995f#1943.5931943.946
367	поклонниками	поклонник	NOUN	_	Animacy=Anim|Case=Ins|Gender=Masc|Number=Plur	_	_	_	@mm1995f-words#@mm1995f#1943.9461944.299
368	/	/	PUNCT	_	_	_	_	_	@mm1995f-words#@mm1995f#1944.2991944.652
369	и	и	CCONJ	_	_	_	_	_	@mm1995f-words#@mm1995f#1944.6521945.005
370	мне	я	PRON	_	Case=Dat|Number=Sing|Person=1	_	_	_	@mm1995f-words#@mm1995f#1945.0051945.358
371	приходят	приходить	VERB	_	Aspect=Imp|Mood=Ind|Number=Plur|Person=3|Tense=Pres|VerbForm=Fin|Voice=Act	_	_	_	@mm1995f-words#@mm1995f#1945.3581945.711
372	ст...	сто	NUM	_	_	_	_	_	@mm1995f-words#@mm1995f#1945.7111946.064
373	тысячи	тысяча	NOUN	_	Animacy=Inan|Case=Nom|Gender=Fem|Number=Plur	_	_	_	@mm1995f-words#@mm1995f#1946.0641946.417
374	сообщений	сообщение	NOUN	_	Animacy=Inan|Case=Gen|Gender=Neut|Number=Plur	_	_	_	@mm1995f-words#@mm1995f#1946.4171946.77
375	/	/	PUNCT	_	_	_	_	_	@mm1995f-words#@mm1995f#1946.771947.123
376	прекрасных	прекрасный	ADJ	_	Case=Gen|Degree=Pos|Number=Plur	_	_	_	@mm1995f-words#@mm1995f#1947.1231947.483
377	э	э	INTJ	_	_	_	_	_	@mm1995f-words#@mm1995f#1948.0691948.376
378	/	/	PUNCT	_	_	_	_	_	@mm1995f-words#@mm1995f#1948.3761948.683
379	что	что	SCONJ	_	_	_	_	_	@mm1995f-words#@mm1995f#1948.6831948.99
380	/	/	PUNCT	_	_	_	_	_	@mm1995f-words#@mm1995f#1948.991949.297
381	мм	мм	INTJ	_	_	_	_	_	@mm1995f-words#@mm1995f#1949.2971949.604
382	/	/	PUNCT	_	_	_	_	_	@mm1995f-words#@mm1995f#1949.6041949.911
383	натыкаясь	натыкаться	VERB	_	Aspect=Imp|Tense=Pres|VerbForm=Conv|Voice=Mid	_	_	_	@mm1995f-words#@mm1995f#1949.9111950.218
384	на	на	ADP	_	_	_	_	_	@mm1995f-words#@mm1995f#1950.2181950.528
385	в	в	X	_	_	_	_	_	@mm1995f-words#@mm1995f#1950.5641950.737
386	/	/	PUNCT	_	_	_	_	_	@mm1995f-words#@mm1995f#1950.7371950.91
387	ну	ну	PART	_	_	_	_	_	@mm1995f-words#@mm1995f#1950.911951.083
388	/	/	PUNCT	_	_	_	_	_	@mm1995f-words#@mm1995f#1951.0831951.256
389	это	это	PRON	_	Animacy=Inan|Case=Nom|Gender=Neut|Number=Sing	_	_	_	@mm1995f-words#@mm1995f#1951.2561951.429
390	нам	мы	PRON	_	Case=Dat|Number=Plur|Person=1	_	_	_	@mm1995f-words#@mm1995f#1951.4291951.602
391	свойственно	свойственный	ADJ	_	Degree=Pos|Gender=Neut|Number=Sing|Variant=Short	_	_	_	@mm1995f-words#@mm1995f#1951.6021951.775
392	людям	человек	NOUN	_	Animacy=Anim|Case=Dat|Gender=Masc|Number=Plur	_	_	_	@mm1995f-words#@mm1995f#1951.7751951.948
393	/	/	PUNCT	_	_	_	_	_	@mm1995f-words#@mm1995f#1951.9481952.121
394	да	да	PART	_	_	_	_	_	@mm1995f-words#@mm1995f#1952.1211952.301
395	тебе	ты	PRON	_	Case=Dat|Number=Sing|Person=2	_	_	_	@mm1995f-words#@mm1995f#1952.3091952.725
396	приходят	приходить	VERB	_	Aspect=Imp|Mood=Ind|Number=Plur|Person=3|Tense=Pres|VerbForm=Fin|Voice=Act	_	_	_	@mm1995f-words#@mm1995f#1952.7251953.141
397	миллионы	миллион	NOUN	_	Animacy=Inan|Case=Nom|Gender=Masc|Number=Plur	_	_	_	@mm1995f-words#@mm1995f#1953.5611954.101
398	прекрасных	прекрасный	ADJ	_	Case=Gen|Degree=Pos|Number=Plur	_	_	_	@mm1995f-words#@mm1995f#1954.1011954.641
399	слов	слово	NOUN	_	Animacy=Inan|Case=Gen|Gender=Neut|Number=Plur	_	_	_	@mm1995f-words#@mm1995f#1954.6411955.181
400	/	/	PUNCT	_	_	_	_	_	@mm1995f-words#@mm1995f#1955.1811955.721
401	миллионы	миллион	NOUN	_	Animacy=Inan|Case=Nom|Gender=Masc|Number=Plur	_	_	_	@mm1995f-words#@mm1995f#1955.7211956.261
402	восхищений	восхищение	NOUN	_	Animacy=Inan|Case=Gen|Gender=Neut|Number=Plur	_	_	_	@mm1995f-words#@mm1995f#1956.2611956.805
403	поддержки	поддержка	NOUN	_	Animacy=Inan|Case=Gen|Gender=Fem|Number=Sing	_	_	_	@mm1995f-words#@mm1995f#1957.2511957.973
404	но	но	CCONJ	_	_	_	_	_	@mm1995f-words#@mm1995f#1958.2821958.587
405	вот	вот	PART	_	_	_	_	_	@mm1995f-words#@mm1995f#1958.5871958.892
406	одна	один	NUM	_	Case=Nom|Degree=Pos|Gender=Fem	_	_	_	@mm1995f-words#@mm1995f#1958.8921959.197
407	/	/	PUNCT	_	_	_	_	_	@mm1995f-words#@mm1995f#1959.1971959.502
408	какая-то	какой-то	DET	_	Case=Nom|Gender=Fem|Number=Sing	_	_	_	@mm1995f-words#@mm1995f#1959.5021959.807
409	вот	вот	PART	_	_	_	_	_	@mm1995f-words#@mm1995f#1959.8071960.112
410	эта	этот	DET	_	Case=Nom|Gender=Fem|Number=Sing	_	_	_	@mm1995f-words#@mm1995f#1960.1121960.417
411	вот	вот	PART	_	_	_	_	_	@mm1995f-words#@mm1995f#1960.4171960.722
412	иголочка	иголочка	NOUN	_	Animacy=Inan|Case=Nom|Gender=Fem|Number=Sing	_	_	_	@mm1995f-words#@mm1995f#1960.7221961.029
413	и	и	CCONJ	_	_	_	_	_	@mm1995f-words#@mm1995f#1961.1621961.372
414	все	все	PART	_	_	_	_	_	@mm1995f-words#@mm1995f#1961.3721961.582
415	/	/	PUNCT	_	_	_	_	_	@mm1995f-words#@mm1995f#1961.5821961.792
416	и	и	CCONJ	_	_	_	_	_	@mm1995f-words#@mm1995f#1961.7921962.002
417	ты	ты	PRON	_	Case=Nom|Number=Sing|Person=2	_	_	_	@mm1995f-words#@mm1995f#1962.0021962.212
418	начинаешь	начинать	VERB	_	Aspect=Imp|Mood=Ind|Number=Sing|Person=2|Tense=Pres|VerbForm=Fin|Voice=Act	_	_	_	@mm1995f-words#@mm1995f#1962.2121962.422
419	переживать	переживать	VERB	_	Aspect=Imp|VerbForm=Inf|Voice=Act	_	_	_	@mm1995f-words#@mm1995f#1962.4221962.632
420	и	и	CCONJ	_	_	_	_	_	@mm1995f-words#@mm1995f#1962.9651963.088
421	думаешь	думать	VERB	_	Aspect=Imp|Mood=Ind|Number=Sing|Person=2|Tense=Pres|VerbForm=Fin|Voice=Act	_	_	_	@mm1995f-words#@mm1995f#1963.0881963.211
422	/	/	PUNCT	_	_	_	_	_	@mm1995f-words#@mm1995f#1963.2111963.334
423	как	как	ADV	_	Degree=Pos	_	_	_	@mm1995f-words#@mm1995f#1963.3341963.457
424	же	же	PART	_	_	_	_	_	@mm1995f-words#@mm1995f#1963.4571963.58
425	так	так	ADV	_	Degree=Pos	_	_	_	@mm1995f-words#@mm1995f#1963.581963.703
426	/	/	PUNCT	_	_	_	_	_	@mm1995f-words#@mm1995f#1963.7031963.826
427	и	и	CCONJ	_	_	_	_	_	@mm1995f-words#@mm1995f#1963.8261963.949
428	чт...	что	CCONJ	_	_	_	_	_	@mm1995f-words#@mm1995f#1963.9491964.072
429	как-то	как-то	ADV	_	Degree=Pos	_	_	_	@mm1995f-words#@mm1995f#1964.111964.419
430	ино...	иногда	ADV	_	_	_	_	_	@mm1995f-words#@mm1995f#1964.4191964.728
431	раньше	рано	ADV	_	Degree=Cmp	_	_	_	@mm1995f-words#@mm1995f#1964.7281965.037
432	/	/	PUNCT	_	_	_	_	_	@mm1995f-words#@mm1995f#1965.0371965.346
433	меня	я	PRON	_	Case=Acc|Number=Sing|Person=1	_	_	_	@mm1995f-words#@mm1995f#1965.3461965.655
434	это	это	PRON	_	Animacy=Inan|Case=Nom|Gender=Neut|Number=Sing	_	_	_	@mm1995f-words#@mm1995f#1965.6551965.964
435	очень	очень	ADV	_	Degree=Pos	_	_	_	@mm1995f-words#@mm1995f#1965.9641966.273
436	задевало	задевать	VERB	_	Aspect=Imp|Gender=Neut|Mood=Ind|Number=Sing|Tense=Past|VerbForm=Fin|Voice=Act	_	_	_	@mm1995f-words#@mm1995f#1966.2731966.582
437	/	/	PUNCT	_	_	_	_	_	@mm1995f-words#@mm1995f#1966.5821966.891
438	и	и	CCONJ	_	_	_	_	_	@mm1995f-words#@mm1995f#1966.8911967.2
439	я	я	PRON	_	Case=Nom|Number=Sing|Person=1	_	_	_	@mm1995f-words#@mm1995f#1967.21967.509
440	переживала	переживывать	VERB	_	Aspect=Imp|Gender=Fem|Mood=Ind|Number=Sing|Tense=Past|VerbForm=Fin|Voice=Act	_	_	_	@mm1995f-words#@mm1995f#1967.5091967.824
441	сейчас	сейчас	ADV	_	Degree=Pos	_	_	_	@mm1995f-words#@mm1995f#1969.7491970.146
442	могу	мочь	VERB	_	Aspect=Imp|Mood=Ind|Number=Sing|Person=1|Tense=Pres|VerbForm=Fin|Voice=Act	_	_	_	@mm1995f-words#@mm1995f#1970.1461970.543
443	посмеяться	посмеяться	VERB	_	Aspect=Perf|VerbForm=Inf|Voice=Mid	_	_	_	@mm1995f-words#@mm1995f#1970.5431970.94
444	/	/	PUNCT	_	_	_	_	_	@mm1995f-words#@mm1995f#1970.941971.337
445	и	и	CCONJ	_	_	_	_	_	@mm1995f-words#@mm1995f#1971.3371971.734
446	ответить	ответить	VERB	_	Aspect=Perf|VerbForm=Inf|Voice=Act	_	_	_	@mm1995f-words#@mm1995f#1971.7341972.131
447	что-нибудь	что-нибудь	PRON	_	Case=Acc	_	_	_	@mm1995f-words#@mm1995f#1972.1311972.533
448	как	как	ADV	_	Degree=Pos	_	_	_	@mm1995f-words#@mm1995f#1972.8881973.143
449	бы	бы	PART	_	_	_	_	_	@mm1995f-words#@mm1995f#1973.1431973.398
450	/	/	PUNCT	_	_	_	_	_	@mm1995f-words#@mm1995f#1973.3981973.653
451	с	с	ADP	_	_	_	_	_	@mm1995f-words#@mm1995f#1973.6531973.908
452	таким	такой	DET	_	Case=Ins|Gender=Masc|Number=Sing	_	_	_	@mm1995f-words#@mm1995f#1973.9081974.163
453	сарказмом	сарказм	NOUN	_	Animacy=Inan|Case=Ins|Gender=Masc|Number=Sing	_	_	_	@mm1995f-words#@mm1995f#1974.1631974.418
454	/	/	PUNCT	_	_	_	_	_	@mm1995f-words#@mm1995f#1974.4181974.673
455	потому	потому	ADV	_	Degree=Pos	_	_	_	@mm1995f-words#@mm1995f#1974.6731974.928
456	что	что	SCONJ	_	_	_	_	_	@mm1995f-words#@mm1995f#1974.9281975.183
457	в	в	ADP	_	_	_	_	_	@mm1995f-words#@mm1995f#1976.0591976.4
458	общем	общий	ADJ	_	Case=Loc|Degree=Pos|Gender=Masc|Number=Sing	_	_	_	@mm1995f-words#@mm1995f#1976.41976.741
459	внутренняя	внутренний	ADJ	_	Case=Nom|Degree=Pos|Gender=Fem|Number=Sing	_	_	_	@mm1995f-words#@mm1995f#1976.7411977.083
460	такая	такой	DET	_	Case=Nom|Gender=Fem|Number=Sing	_	_	_	@mm1995f-words#@mm1995f#1977.2231977.57
461	самоуверенность	самоуверенность	NOUN	_	Animacy=Inan|Case=Nom|Gender=Fem|Number=Sing	_	_	_	@mm1995f-words#@mm1995f#1977.571977.917
462	/	/	PUNCT	_	_	_	_	_	@mm1995f-words#@mm1995f#1977.9171978.264
463	это	это	PRON	_	Animacy=Inan|Case=Nom|Gender=Neut|Number=Sing	_	_	_	@mm1995f-words#@mm1995f#1978.2641978.611
464	очень	очень	ADV	_	Degree=Pos	_	_	_	@mm1995f-words#@mm1995f#1978.6111978.958
465	важно	важный	ADJ	_	Degree=Pos|Gender=Neut|Number=Sing|Variant=Short	_	_	_	@mm1995f-words#@mm1995f#1978.9581979.305
466	профессиональные	профессиональный	ADJ	_	Case=Nom|Degree=Pos|Number=Plur	_	_	_	@mm1995f-words#@mm1995f#1990.9161991.116
467	спортсмены	спортсмен	NOUN	_	Animacy=Anim|Case=Nom|Gender=Masc|Number=Plur	_	_	_	@mm1995f-words#@mm1995f#1991.1161991.316
468	понимают	понимать	VERB	_	Aspect=Imp|Mood=Ind|Number=Plur|Person=3|Tense=Pres|VerbForm=Fin|Voice=Act	_	_	_	@mm1995f-words#@mm1995f#1991.3161991.516
469	друг	друг	NOUN	_	Animacy=Anim|Case=Nom|Gender=Masc|Number=Sing	_	_	_	@mm1995f-words#@mm1995f#1991.5161991.716
470	друга	друг	NOUN	_	Animacy=Anim|Case=Acc|Gender=Masc|Number=Sing	_	_	_	@mm1995f-words#@mm1995f#1991.7161991.916
471	/	/	PUNCT	_	_	_	_	_	@mm1995f-words#@mm1995f#1991.9161992.116
472	э	э	INTJ	_	_	_	_	_	@mm1995f-words#@mm1995f#1992.1161992.316
473	и	и	CCONJ	_	_	_	_	_	@mm1995f-words#@mm1995f#1992.3161992.516
474	и	и	CCONJ	_	_	_	_	_	@mm1995f-words#@mm1995f#1993.8121994.033
475	все	все	PRON	_	Animacy=Inan|Case=Nom|Gender=Neut|Number=Sing	_	_	_	@mm1995f-words#@mm1995f#1994.0331994.254
476	равно	равный	ADJ	_	Degree=Pos|Gender=Neut|Number=Sing|Variant=Short	_	_	_	@mm1995f-words#@mm1995f#1994.2541994.475
477	/	/	PUNCT	_	_	_	_	_	@mm1995f-words#@mm1995f#1994.4751994.696
478	даже	даже	PART	_	_	_	_	_	@mm1995f-words#@mm1995f#1994.6961994.917
479	Саша	Саша	PROPN	_	Animacy=Anim|Case=Nom|Gender=Masc|Number=Sing	_	_	_	@mm1995f-words#@mm1995f#1994.9171995.14
480	когда	когда	SCONJ	_	_	_	_	_	@mm1995f-words#@mm1995f#1995.5291995.893
481	только	только	ADV	_	_	_	_	_	@mm1995f-words#@mm1995f#1996.1771996.411
482	со	с	ADP	_	_	_	_	_	@mm1995f-words#@mm1995f#1996.4111996.645
483	мной	я	PRON	_	Case=Ins|Number=Sing|Person=1	_	_	_	@mm1995f-words#@mm1995f#1996.6451996.879
484	познакомился	познакомиться	VERB	_	Aspect=Perf|Gender=Masc|Mood=Ind|Number=Sing|Tense=Past|VerbForm=Fin|Voice=Mid	_	_	_	@mm1995f-words#@mm1995f#1996.8791997.113
485	/	/	PUNCT	_	_	_	_	_	@mm1995f-words#@mm1995f#1997.1131997.347
486	был	быть	AUX	_	Aspect=Imp|Gender=Masc|Mood=Ind|Number=Sing|Tense=Past|VerbForm=Fin|Voice=Act	_	_	_	@mm1995f-words#@mm1995f#1997.3471997.581
487	уверен	уверенный	ADJ	_	Degree=Pos|Gender=Masc|Number=Sing|Variant=Short	_	_	_	@mm1995f-words#@mm1995f#1997.5811997.815
488	/	/	PUNCT	_	_	_	_	_	@mm1995f-words#@mm1995f#1997.8151998.049
489	что	что	SCONJ	_	_	_	_	_	@mm1995f-words#@mm1995f#1998.0491998.283
490	художественная	художественный	ADJ	_	Case=Nom|Degree=Pos|Gender=Fem|Number=Sing	_	_	_	@mm1995f-words#@mm1995f#1998.2831998.517
491	гимнастика	гимнастика	NOUN	_	Animacy=Inan|Case=Nom|Gender=Fem|Number=Sing	_	_	_	@mm1995f-words#@mm1995f#1998.5171998.751
492	/	/	PUNCT	_	_	_	_	_	@mm1995f-words#@mm1995f#1998.7511998.985
493	это	это	PRON	_	Animacy=Inan|Case=Nom|Gender=Neut|Number=Sing	_	_	_	@mm1995f-words#@mm1995f#1998.9851999.219
494	/	/	PUNCT	_	_	_	_	_	@mm1995f-words#@mm1995f#1999.2191999.453
495	вообще	вообще	ADV	_	Degree=Pos	_	_	_	@mm1995f-words#@mm1995f#1999.4531999.687
496	так	так	ADV	_	Degree=Pos	_	_	_	@mm1995f-words#@mm1995f#2000.3562000.644
497	#смеется#	#смеется#	X	_	_	_	_	_	@mm1995f-words#@mm1995f#2000.8552001.313
498	да	да	PART	_	_	_	_	_	@mm1995f-words#@mm1995f#2002.472002.868
499	да	да	PART	_	_	_	_	_	@mm1995f-words#@mm1995f#2003.0632003.268
500	/	/	PUNCT	_	_	_	_	_	@mm1995f-words#@mm1995f#2003.2682003.473
501	но	но	CCONJ	_	_	_	_	_	@mm1995f-words#@mm1995f#2003.4732003.678
502	/	/	PUNCT	_	_	_	_	_	@mm1995f-words#@mm1995f#2003.6782003.883
503	в...	в...	INTJ	_	_	_	_	_	@mm1995f-words#@mm1995f#2003.8832004.088
504	естественно	естественно	ADV	_	Degree=Pos	_	_	_	@mm1995f-words#@mm1995f#2004.0882004.293
505	/	/	PUNCT	_	_	_	_	_	@mm1995f-words#@mm1995f#2004.2932004.498
506	он	он	PRON	_	Case=Nom|Gender=Masc|Number=Sing|Person=3	_	_	_	@mm1995f-words#@mm1995f#2004.4982004.703
507	поменял	поменять	VERB	_	Aspect=Perf|Gender=Masc|Mood=Ind|Number=Sing|Tense=Past|VerbForm=Fin|Voice=Act	_	_	_	@mm1995f-words#@mm1995f#2004.7032004.908
508	/	/	PUNCT	_	_	_	_	_	@mm1995f-words#@mm1995f#2004.9082005.113
509	об	о	ADP	_	_	_	_	_	@mm1995f-words#@mm1995f#2005.1132005.318
510	этом	этот	PRON	_	Animacy=Inan|Case=Loc|Gender=Neut|Number=Sing	_	_	_	@mm1995f-words#@mm1995f#2005.3182005.523
511	мнение	мнение	NOUN	_	Animacy=Inan|Case=Acc|Gender=Neut|Number=Sing	_	_	_	@mm1995f-words#@mm1995f#2005.5232005.728
512	/	/	PUNCT	_	_	_	_	_	@mm1995f-words#@mm1995f#2005.7282005.933
513	и	и	CCONJ	_	_	_	_	_	@mm1995f-words#@mm1995f#2005.9332006.138
514	/	/	PUNCT	_	_	_	_	_	@mm1995f-words#@mm1995f#2006.1382006.343
515	все	весь	DET	_	Case=Nom|Gender=Neut|Number=Sing	_	_	_	@mm1995f-words#@mm1995f#2006.3432006.548
516	его	его	DET	_	_	_	_	_	@mm1995f-words#@mm1995f#2006.5482006.753
517	окружение	окружение	NOUN	_	Animacy=Inan|Case=Nom|Gender=Neut|Number=Sing	_	_	_	@mm1995f-words#@mm1995f#2006.7532006.958
518	/	/	PUNCT	_	_	_	_	_	@mm1995f-words#@mm1995f#2006.9582007.163
519	и	и	CCONJ	_	_	_	_	_	@mm1995f-words#@mm1995f#2007.1632007.368
520	друзья	друг	NOUN	_	Animacy=Anim|Case=Nom|Gender=Masc|Number=Plur	_	_	_	@mm1995f-words#@mm1995f#2007.3682007.573
521	его	его	DET	_	_	_	_	_	@mm1995f-words#@mm1995f#2007.5732007.79
522	тоже	тоже	PART	_	_	_	_	_	@mm1995f-words#@mm1995f#2007.8842008.08
523	/	/	PUNCT	_	_	_	_	_	@mm1995f-words#@mm1995f#2008.082008.276
524	слава	слава	NOUN	_	Animacy=Inan|Case=Nom|Gender=Fem|Number=Sing	_	_	_	@mm1995f-words#@mm1995f#2008.2762008.472
525	богу	бог	NOUN	_	Animacy=Anim|Case=Dat|Gender=Masc|Number=Sing	_	_	_	@mm1995f-words#@mm1995f#2008.4722008.668
526	думаю	думать	VERB	_	Aspect=Imp|Mood=Ind|Number=Sing|Person=1|Tense=Pres|VerbForm=Fin|Voice=Act	_	_	_	@mm1995f-words#@mm1995f#2008.8492009.042
527	/	/	PUNCT	_	_	_	_	_	@mm1995f-words#@mm1995f#2009.0422009.235
528	ну	ну	PART	_	_	_	_	_	@mm1995f-words#@mm1995f#2009.2352009.428
529	/	/	PUNCT	_	_	_	_	_	@mm1995f-words#@mm1995f#2009.4282009.621
530	спасибо	спасибо	PART	_	_	_	_	_	@mm1995f-words#@mm1995f#2009.6212009.814
531	#смеется#	#смеется#	X	_	_	_	_	_	@mm1995f-words#@mm1995f#2009.8242010.942
532	я	я	PRON	_	Case=Nom|Number=Sing|Person=1	_	_	_	@mm1995f-words#@mm1995f#2011.0192011.325
533	рада	рад	ADJ	_	Degree=Pos|Gender=Fem|Number=Sing|Variant=Short	_	_	_	@mm1995f-words#@mm1995f#2011.3252011.632
534	вот	вот	PART	_	_	_	_	_	@mm1995f-words#@mm1995f#2012.2762012.512
535	/	/	PUNCT	_	_	_	_	_	@mm1995f-words#@mm1995f#2012.5122012.748
536	но	но	CCONJ	_	_	_	_	_	@mm1995f-words#@mm1995f#2012.7482012.984
537	да	да	PART	_	_	_	_	_	@mm1995f-words#@mm1995f#2014.4972014.705
538	/	/	PUNCT	_	_	_	_	_	@mm1995f-words#@mm1995f#2014.7052014.913
539	да	да	PART	_	_	_	_	_	@mm1995f-words#@mm1995f#2014.9132015.121
540	/	/	PUNCT	_	_	_	_	_	@mm1995f-words#@mm1995f#2015.1212015.329
541	то	то	PRON	_	Animacy=Inan|Case=Nom|Gender=Neut|Number=Sing	_	_	_	@mm1995f-words#@mm1995f#2015.3292015.537
542	есть	быть	VERB	_	Aspect=Imp|Mood=Ind|Number=Sing|Person=3|Tense=Pres|VerbForm=Fin|Voice=Act	_	_	_	@mm1995f-words#@mm1995f#2015.5372015.745
543	ээ	ээ	INTJ	_	_	_	_	_	@mm1995f-words#@mm1995f#2015.7452015.953
544	/	/	PUNCT	_	_	_	_	_	@mm1995f-words#@mm1995f#2015.9532016.161
545	ф	ф	INTJ	_	_	_	_	_	@mm1995f-words#@mm1995f#2016.1612016.371
546	когда	когда	SCONJ	_	_	_	_	_	@mm1995f-words#@mm1995f#2016.4762016.681
547	я	я	PRON	_	Case=Nom|Number=Sing|Person=1	_	_	_	@mm1995f-words#@mm1995f#2016.6812016.886
548	там	там	PART	_	_	_	_	_	@mm1995f-words#@mm1995f#2016.8862017.091
549	/	/	PUNCT	_	_	_	_	_	@mm1995f-words#@mm1995f#2017.0912017.296
550	м	м	INTJ	_	_	_	_	_	@mm1995f-words#@mm1995f#2017.2962017.501
551	/	/	PUNCT	_	_	_	_	_	@mm1995f-words#@mm1995f#2017.5012017.706
552	писала	писать	VERB	_	Aspect=Imp|Gender=Fem|Mood=Ind|Number=Sing|Tense=Past|VerbForm=Fin|Voice=Act	_	_	_	@mm1995f-words#@mm1995f#2017.7062017.911
553	что	что	SCONJ	_	_	_	_	_	@mm1995f-words#@mm1995f#2017.9112018.116
554	/	/	PUNCT	_	_	_	_	_	@mm1995f-words#@mm1995f#2018.1162018.321
555	ему	он	PRON	_	Case=Dat|Gender=Masc|Number=Sing|Person=3	_	_	_	@mm1995f-words#@mm1995f#2018.3212018.526
556	что	что	SCONJ	_	_	_	_	_	@mm1995f-words#@mm1995f#2018.5262018.731
557	/	/	PUNCT	_	_	_	_	_	@mm1995f-words#@mm1995f#2018.7312018.936
558	вот	вот	PART	_	_	_	_	_	@mm1995f-words#@mm1995f#2018.9362019.141
559	в	в	ADP	_	_	_	_	_	@mm1995f-words#@mm1995f#2019.1412019.346
560	девять	девять	NUM	_	Case=Acc	_	_	_	@mm1995f-words#@mm1995f#2019.3462019.551
561	/	/	PUNCT	_	_	_	_	_	@mm1995f-words#@mm1995f#2019.5512019.756
562	я	я	PRON	_	Case=Nom|Number=Sing|Person=1	_	_	_	@mm1995f-words#@mm1995f#2019.7562019.961
563	начинаю	начинать	VERB	_	Aspect=Imp|Mood=Ind|Number=Sing|Person=1|Tense=Pres|VerbForm=Fin|Voice=Act	_	_	_	@mm1995f-words#@mm1995f#2019.9612020.17
564	и	и	CCONJ	_	_	_	_	_	@mm1995f-words#@mm1995f#2020.5472020.761
565	он	он	PRON	_	Case=Nom|Gender=Masc|Number=Sing|Person=3	_	_	_	@mm1995f-words#@mm1995f#2020.7612020.975
566	тренировался	тренироваться	VERB	_	Aspect=Imp|Gender=Masc|Mood=Ind|Number=Sing|Tense=Past|VerbForm=Fin|Voice=Mid	_	_	_	@mm1995f-words#@mm1995f#2020.9752021.189
567	в	в	ADP	_	_	_	_	_	@mm1995f-words#@mm1995f#2021.1892021.403
568	Америке	Америка	PROPN	_	Animacy=Inan|Case=Loc|Gender=Fem|Number=Sing	_	_	_	@mm1995f-words#@mm1995f#2021.4032021.617
569	/	/	PUNCT	_	_	_	_	_	@mm1995f-words#@mm1995f#2021.6172021.831
570	и	и	CCONJ	_	_	_	_	_	@mm1995f-words#@mm1995f#2021.8312022.045
571	когда	когда	SCONJ	_	_	_	_	_	@mm1995f-words#@mm1995f#2022.0452022.265
572	он	он	PRON	_	Case=Nom|Gender=Masc|Number=Sing|Person=3	_	_	_	@mm1995f-words#@mm1995f#2022.4852022.717
573	проснулся	проснуться	VERB	_	Aspect=Perf|Gender=Masc|Mood=Ind|Number=Sing|Tense=Past|VerbForm=Fin|Voice=Mid	_	_	_	@mm1995f-words#@mm1995f#2022.7172022.949
574	/	/	PUNCT	_	_	_	_	_	@mm1995f-words#@mm1995f#2022.9492023.181
575	а	а	CCONJ	_	_	_	_	_	@mm1995f-words#@mm1995f#2023.1812023.413
576	я	я	PRON	_	Case=Nom|Number=Sing|Person=1	_	_	_	@mm1995f-words#@mm1995f#2023.4132023.645
577	все	все	PART	_	_	_	_	_	@mm1995f-words#@mm1995f#2023.6452023.877
578	еще	еще	ADV	_	Degree=Pos	_	_	_	@mm1995f-words#@mm1995f#2023.8772024.109
579	не	не	PART	_	_	_	_	_	@mm1995f-words#@mm1995f#2024.1092024.341
580	закончила	закончить	VERB	_	Aspect=Perf|Gender=Fem|Mood=Ind|Number=Sing|Tense=Past|VerbForm=Fin|Voice=Act	_	_	_	@mm1995f-words#@mm1995f#2024.3412024.574
581	#смеется#	#смеется#	X	_	_	_	_	_	@mm1995f-words#@mm1995f#2024.882025.298
582	он	он	PRON	_	Case=Nom|Gender=Masc|Number=Sing|Person=3	_	_	_	@mm1995f-words#@mm1995f#2025.3672025.55
583	там	там	PART	_	_	_	_	_	@mm1995f-words#@mm1995f#2025.552025.733
584	спал	спать	VERB	_	Aspect=Imp|Gender=Masc|Mood=Ind|Number=Sing|Tense=Past|VerbForm=Fin|Voice=Act	_	_	_	@mm1995f-words#@mm1995f#2025.7332025.916
585	все	весь	DET	_	Case=Acc|Gender=Neut|Number=Sing	_	_	_	@mm1995f-words#@mm1995f#2025.9162026.099
586	это	этот	DET	_	Case=Acc|Gender=Neut|Number=Sing	_	_	_	@mm1995f-words#@mm1995f#2026.0992026.282
587	время	время	NOUN	_	Animacy=Inan|Case=Acc|Gender=Neut|Number=Sing	_	_	_	@mm1995f-words#@mm1995f#2026.2822026.465
588	/	/	PUNCT	_	_	_	_	_	@mm1995f-words#@mm1995f#2026.4652026.648
589	а	а	CCONJ	_	_	_	_	_	@mm1995f-words#@mm1995f#2026.6482026.831
590	я	я	PRON	_	Case=Nom|Number=Sing|Person=1	_	_	_	@mm1995f-words#@mm1995f#2026.8312027.014
591	еще	еще	ADV	_	Degree=Pos	_	_	_	@mm1995f-words#@mm1995f#2027.0142027.197
592	не	не	PART	_	_	_	_	_	@mm1995f-words#@mm1995f#2027.1972027.38
593	закончила	закончить	VERB	_	Aspect=Perf|Gender=Fem|Mood=Ind|Number=Sing|Tense=Past|VerbForm=Fin|Voice=Act	_	_	_	@mm1995f-words#@mm1995f#2027.382027.569
594	то	то	SCONJ	_	_	_	_	_	@mm1995f-words#@mm1995f#2027.9082028.146
595	он	он	PRON	_	Case=Nom|Gender=Masc|Number=Sing|Person=3	_	_	_	@mm1995f-words#@mm1995f#2028.1462028.384
596	/	/	PUNCT	_	_	_	_	_	@mm1995f-words#@mm1995f#2028.3842028.622
597	ну	ну	PART	_	_	_	_	_	@mm1995f-words#@mm1995f#2028.6222028.86
598	/	/	PUNCT	_	_	_	_	_	@mm1995f-words#@mm1995f#2028.862029.098
599	начал	начать	VERB	_	Aspect=Perf|Gender=Masc|Mood=Ind|Number=Sing|Tense=Past|VerbForm=Fin|Voice=Act	_	_	_	@mm1995f-words#@mm1995f#2029.0982029.336
600	понимать	понимать	VERB	_	Aspect=Imp|VerbForm=Inf|Voice=Act	_	_	_	@mm1995f-words#@mm1995f#2029.3362029.574
601	/	/	PUNCT	_	_	_	_	_	@mm1995f-words#@mm1995f#2029.5742029.812
602	что	что	SCONJ	_	_	_	_	_	@mm1995f-words#@mm1995f#2029.8122030.053
603	это	это	PRON	_	Animacy=Inan|Case=Nom|Gender=Neut|Number=Sing	_	_	_	@mm1995f-words#@mm1995f#2030.2652030.482
604	/	/	PUNCT	_	_	_	_	_	@mm1995f-words#@mm1995f#2030.4822030.699
605	это	это	PRON	_	Animacy=Inan|Case=Nom|Gender=Neut|Number=Sing	_	_	_	@mm1995f-words#@mm1995f#2030.6992030.916
606	сложно	сложный	ADJ	_	Degree=Pos|Gender=Neut|Number=Sing|Variant=Short	_	_	_	@mm1995f-words#@mm1995f#2030.9162031.133
607	/	/	PUNCT	_	_	_	_	_	@mm1995f-words#@mm1995f#2031.1332031.35
608	уже	уже	ADV	_	Degree=Pos	_	_	_	@mm1995f-words#@mm1995f#2031.352031.567
609	и	и	CCONJ	_	_	_	_	_	@mm1995f-words#@mm1995f#2031.5672031.784
610	тем	то	PRON	_	Animacy=Inan|Case=Ins|Gender=Neut|Number=Sing	_	_	_	@mm1995f-words#@mm1995f#2031.7842032.001
611	более	более	ADV	_	Degree=Cmp	_	_	_	@mm1995f-words#@mm1995f#2032.0012032.218
612	/	/	PUNCT	_	_	_	_	_	@mm1995f-words#@mm1995f#2032.2182032.435
613	увидев	увидеть	VERB	_	Aspect=Perf|Tense=Past|VerbForm=Conv|Voice=Act	_	_	_	@mm1995f-words#@mm1995f#2032.4352032.652
614	потом	потом	ADV	_	Degree=Pos	_	_	_	@mm1995f-words#@mm1995f#2032.6522032.869
615	фильм	фильм	NOUN	_	Animacy=Inan|Case=Acc|Gender=Masc|Number=Sing	_	_	_	@mm1995f-words#@mm1995f#2032.8692033.087
616	но	но	CCONJ	_	_	_	_	_	@mm1995f-words#@mm1995f#2033.3912033.627
617	/	/	PUNCT	_	_	_	_	_	@mm1995f-words#@mm1995f#2033.6272033.863
618	вообще	вообще	ADV	_	Degree=Pos	_	_	_	@mm1995f-words#@mm1995f#2033.8632034.099
619	/	/	PUNCT	_	_	_	_	_	@mm1995f-words#@mm1995f#2034.0992034.335
620	я	я	PRON	_	Case=Nom|Number=Sing|Person=1	_	_	_	@mm1995f-words#@mm1995f#2034.3352034.571
621	все	весь	PRON	_	Animacy=Inan|Case=Acc|Gender=Neut|Number=Sing	_	_	_	@mm1995f-words#@mm1995f#2034.5712034.807
622	ф	ф	INTJ	_	_	_	_	_	@mm1995f-words#@mm1995f#2034.8072035.043
623	/	/	PUNCT	_	_	_	_	_	@mm1995f-words#@mm1995f#2035.0432035.279
624	на	на	ADP	_	_	_	_	_	@mm1995f-words#@mm1995f#2035.2792035.515
625	протяжении	протяжение	NOUN	_	Animacy=Inan|Case=Loc|Gender=Neut|Number=Sing	_	_	_	@mm1995f-words#@mm1995f#2035.5152035.751
626	всего	весь	DET	_	Case=Gen|Gender=Masc|Number=Sing	_	_	_	@mm1995f-words#@mm1995f#2035.7512035.987
627	пути	путь	NOUN	_	Animacy=Inan|Case=Gen|Gender=Masc|Number=Sing	_	_	_	@mm1995f-words#@mm1995f#2035.9872036.223
628	/	/	PUNCT	_	_	_	_	_	@mm1995f-words#@mm1995f#2036.2232036.459
629	амм	амм	INTJ	_	_	_	_	_	@mm1995f-words#@mm1995f#2036.4592036.701
630	мм	мм	INTJ	_	_	_	_	_	@mm1995f-words#@mm1995f#2037.6552038.05
631	ну	ну	PART	_	_	_	_	_	@mm1995f-words#@mm1995f#2038.4112038.597
632	/	/	PUNCT	_	_	_	_	_	@mm1995f-words#@mm1995f#2038.5972038.783
633	п	п	INTJ	_	_	_	_	_	@mm1995f-words#@mm1995f#2038.7832038.969
634	/	/	PUNCT	_	_	_	_	_	@mm1995f-words#@mm1995f#2038.9692039.155
635	естественно	естественно	ADV	_	Degree=Pos	_	_	_	@mm1995f-words#@mm1995f#2039.1552039.341
636	/	/	PUNCT	_	_	_	_	_	@mm1995f-words#@mm1995f#2039.3412039.527
637	делилась	делиться	VERB	_	Aspect=Perf|Gender=Fem|Mood=Ind|Number=Sing|Tense=Past|VerbForm=Fin|Voice=Mid	_	_	_	@mm1995f-words#@mm1995f#2039.5272039.713
638	всем	весь	PRON	_	Animacy=Anim|Case=Dat|Number=Plur	_	_	_	@mm1995f-words#@mm1995f#2039.7132039.899
639	э	э	INTJ	_	_	_	_	_	@mm1995f-words#@mm1995f#2039.9492040.192
640	/	/	PUNCT	_	_	_	_	_	@mm1995f-words#@mm1995f#2040.1922040.435
641	как	как	ADV	_	Degree=Pos	_	_	_	@mm1995f-words#@mm1995f#2040.4352040.678
642	бы	бы	PART	_	_	_	_	_	@mm1995f-words#@mm1995f#2040.6782040.921
643	я	я	PRON	_	Case=Nom|Number=Sing|Person=1	_	_	_	@mm1995f-words#@mm1995f#2040.9212041.164
644	ни	ни	PART	_	_	_	_	_	@mm1995f-words#@mm1995f#2041.1642041.407
645	любила	любить	VERB	_	Aspect=Imp|Gender=Fem|Mood=Ind|Number=Sing|Tense=Past|VerbForm=Fin|Voice=Act	_	_	_	@mm1995f-words#@mm1995f#2041.4072041.65
646	Амин	Амина	PROPN	_	Animacy=Anim|Case=Acc|Gender=Fem|Number=Sing	_	_	_	@mm1995f-words#@mm1995f#2041.652041.893
647	Василну	Василовна	PROPN	_	Animacy=Anim|Case=Acc|Gender=Fem|Number=Sing	_	_	_	@mm1995f-words#@mm1995f#2041.8932042.136
648	/	/	PUNCT	_	_	_	_	_	@mm1995f-words#@mm1995f#2042.1362042.379
649	Ирину	Ирина	PROPN	_	Animacy=Anim|Case=Acc|Gender=Fem|Number=Sing	_	_	_	@mm1995f-words#@mm1995f#2042.3792042.622
650	Александровну	Александровна	PROPN	_	Animacy=Anim|Case=Acc|Gender=Fem|Number=Sing	_	_	_	@mm1995f-words#@mm1995f#2042.6222042.875
651	все	все	PRON	_	Animacy=Inan|Case=Nom|Gender=Neut|Number=Sing	_	_	_	@mm1995f-words#@mm1995f#2043.1732043.36
652	равно	равный	ADJ	_	Degree=Pos|Gender=Neut|Number=Sing|Variant=Short	_	_	_	@mm1995f-words#@mm1995f#2043.362043.547
653	/	/	PUNCT	_	_	_	_	_	@mm1995f-words#@mm1995f#2043.5472043.734
654	на	на	ADP	_	_	_	_	_	@mm1995f-words#@mm1995f#2043.7342043.921
655	тот	тот	DET	_	Case=Acc|Gender=Masc|Number=Sing	_	_	_	@mm1995f-words#@mm1995f#2043.9212044.108
656	момент	момент	NOUN	_	Animacy=Inan|Case=Acc|Gender=Masc|Number=Sing	_	_	_	@mm1995f-words#@mm1995f#2044.1082044.295
657	они	они	PRON	_	Case=Nom|Number=Plur|Person=3	_	_	_	@mm1995f-words#@mm1995f#2044.2952044.482
658	требовали	требовать	VERB	_	Aspect=Imp|Mood=Ind|Number=Plur|Tense=Past|VerbForm=Fin|Voice=Act	_	_	_	@mm1995f-words#@mm1995f#2044.4822044.669
659	с	с	ADP	_	_	_	_	_	@mm1995f-words#@mm1995f#2044.6692044.856
660	меня	я	PRON	_	Case=Gen|Number=Sing|Person=1	_	_	_	@mm1995f-words#@mm1995f#2044.8562045.043
661	/	/	PUNCT	_	_	_	_	_	@mm1995f-words#@mm1995f#2045.0432045.23
662	и	и	CCONJ	_	_	_	_	_	@mm1995f-words#@mm1995f#2045.232045.417
663	они	они	PRON	_	Case=Nom|Number=Plur|Person=3	_	_	_	@mm1995f-words#@mm1995f#2045.4172045.604
664	должны	должен	ADJ	_	Degree=Pos|Number=Plur|Variant=Short	_	_	_	@mm1995f-words#@mm1995f#2045.6042045.791
665	были	быть	AUX	_	Aspect=Imp|Mood=Ind|Number=Plur|Tense=Past|VerbForm=Fin|Voice=Act	_	_	_	@mm1995f-words#@mm1995f#2045.7912045.978
666	это	это	PRON	_	Animacy=Inan|Case=Acc|Gender=Neut|Number=Sing	_	_	_	@mm1995f-words#@mm1995f#2045.9782046.165
667	делать	делать	VERB	_	Aspect=Imp|VerbForm=Inf|Voice=Act	_	_	_	@mm1995f-words#@mm1995f#2046.1652046.352
668	/	/	PUNCT	_	_	_	_	_	@mm1995f-words#@mm1995f#2046.3522046.539
669	и	и	CCONJ	_	_	_	_	_	@mm1995f-words#@mm1995f#2046.5392046.726
670	мне	я	PRON	_	Case=Dat|Number=Sing|Person=1	_	_	_	@mm1995f-words#@mm1995f#2046.7262046.913
671	нужно	нужно	PRED	_	_	_	_	_	@mm1995f-words#@mm1995f#2046.9132047.1
672	было	быть	AUX	_	Aspect=Imp|Gender=Neut|Mood=Ind|Number=Sing|Tense=Past|VerbForm=Fin|Voice=Act	_	_	_	@mm1995f-words#@mm1995f#2047.12047.287
673	на	на	ADP	_	_	_	_	_	@mm1995f-words#@mm1995f#2047.2872047.474
674	них	они	PRON	_	Case=Acc|Number=Plur|Person=3	_	_	_	@mm1995f-words#@mm1995f#2047.4742047.678
675	нужно	нужно	PRED	_	_	_	_	_	@mm1995f-words#@mm1995f#2048.1282048.434
676	было	быть	AUX	_	Aspect=Imp|Gender=Neut|Mood=Ind|Number=Sing|Tense=Past|VerbForm=Fin|Voice=Act	_	_	_	@mm1995f-words#@mm1995f#2048.4342048.74
677	на	на	ADP	_	_	_	_	_	@mm1995f-words#@mm1995f#2048.742049.046
678	них	они	PRON	_	Case=Acc|Number=Plur|Person=3	_	_	_	@mm1995f-words#@mm1995f#2049.0462049.352
679	жаловаться	жаловаться	VERB	_	Aspect=Imp|VerbForm=Inf|Voice=Mid	_	_	_	@mm1995f-words#@mm1995f#2049.3522049.66
680	что	что	SCONJ	_	_	_	_	_	@mm1995f-words#@mm1995f#2049.882050.183
681	пс...	пс...	X	_	_	_	_	_	@mm1995f-words#@mm1995f#2050.1832050.486
682	по	по	ADP	_	_	_	_	_	@mm1995f-words#@mm1995f#2050.4862050.789
683	началу	начало	NOUN	_	Animacy=Inan|Case=Dat|Gender=Neut|Number=Sing	_	_	_	@mm1995f-words#@mm1995f#2050.7892051.092
684	Саша	Саша	PROPN	_	Animacy=Anim|Case=Nom|Gender=Masc|Number=Sing	_	_	_	@mm1995f-words#@mm1995f#2051.0922051.395
685	вв...	вв...	X	_	_	_	_	_	@mm1995f-words#@mm1995f#2051.3952051.698
686	/	/	PUNCT	_	_	_	_	_	@mm1995f-words#@mm1995f#2051.6982052.001
687	ну	ну	PART	_	_	_	_	_	@mm1995f-words#@mm1995f#2052.0012052.304
688	п...	п...	X	_	_	_	_	_	@mm1995f-words#@mm1995f#2052.3042052.614
689	он	он	PRON	_	Case=Nom|Gender=Masc|Number=Sing|Person=3	_	_	_	@mm1995f-words#@mm1995f#2053.12053.282
690	/	/	PUNCT	_	_	_	_	_	@mm1995f-words#@mm1995f#2053.2822053.464
691	так	так	PART	_	Degree=Pos	_	_	_	@mm1995f-words#@mm1995f#2053.4642053.646
692	/	/	PUNCT	_	_	_	_	_	@mm1995f-words#@mm1995f#2053.6462053.828
693	к	к	ADP	_	_	_	_	_	@mm1995f-words#@mm1995f#2053.8282054.01
694	ним	они	PRON	_	Case=Dat|Number=Plur|Person=3	_	_	_	@mm1995f-words#@mm1995f#2054.012054.192
695	ну	ну	PART	_	_	_	_	_	@mm1995f-words#@mm1995f#2055.5322055.743
696	да	да	PART	_	_	_	_	_	@mm1995f-words#@mm1995f#2055.7432055.954
697	/	/	PUNCT	_	_	_	_	_	@mm1995f-words#@mm1995f#2055.9542056.165
698	да	да	PART	_	_	_	_	_	@mm1995f-words#@mm1995f#2056.1652056.376
699	/	/	PUNCT	_	_	_	_	_	@mm1995f-words#@mm1995f#2056.3762056.587
700	и	и	CCONJ	_	_	_	_	_	@mm1995f-words#@mm1995f#2056.5872056.798
701	отношения	отношение	NOUN	_	Animacy=Inan|Case=Nom|Gender=Neut|Number=Plur	_	_	_	@mm1995f-words#@mm1995f#2056.7982057.009
702	/	/	PUNCT	_	_	_	_	_	@mm1995f-words#@mm1995f#2057.0092057.22
703	у	у	ADP	_	_	_	_	_	@mm1995f-words#@mm1995f#2057.222057.431
704	них	они	PRON	_	Case=Gen|Number=Plur|Person=3	_	_	_	@mm1995f-words#@mm1995f#2057.4312057.642
705	не	не	PART	_	_	_	_	_	@mm1995f-words#@mm1995f#2057.6422057.853
706	очень	очень	ADV	_	Degree=Pos	_	_	_	@mm1995f-words#@mm1995f#2057.8532058.064
707	складывались	складываться	VERB	_	Aspect=Imp|Mood=Ind|Number=Plur|Tense=Past|VerbForm=Fin|Voice=Mid	_	_	_	@mm1995f-words#@mm1995f#2058.0642058.275
708	/	/	PUNCT	_	_	_	_	_	@mm1995f-words#@mm1995f#2058.2752058.486
709	но	но	CCONJ	_	_	_	_	_	@mm1995f-words#@mm1995f#2058.4862058.697
710	сейчас	сейчас	ADV	_	Degree=Pos	_	_	_	@mm1995f-words#@mm1995f#2058.6972058.908
711	-	-	PUNCT	_	_	_	_	_	@mm1995f-words#@mm1995f#2058.6972058.909
712	то	то	PART	_	_	_	_	_	@mm1995f-words#@mm1995f#2058.6972058.910
713	/	/	PUNCT	_	_	_	_	_	@mm1995f-words#@mm1995f#2058.9082059.119
714	все	весь	PRON	_	_	_	_	_	@mm1995f-words#@mm1995f#2059.1192059.33
715	/	/	PUNCT	_	_	_	_	_	@mm1995f-words#@mm1995f#2059.332059.541
716	сейчас	сейчас	ADV	_	Degree=Pos	_	_	_	@mm1995f-words#@mm1995f#2059.5412059.752
717	-	-	PUNCT	_	_	_	_	_	@mm1995f-words#@mm1995f#2059.5412059.753
718	то	то	PART	_	_	_	_	_	@mm1995f-words#@mm1995f#2059.5412059.754
719	все	весь	PRON	_	Animacy=Inan|Case=Nom|Gender=Neut|Number=Sing	_	_	_	@mm1995f-words#@mm1995f#2059.7522059.972
720	все	весь	PRON	_	Animacy=Inan|Case=Nom|Gender=Neut|Number=Sing	_	_	_	@mm1995f-words#@mm1995f#2060.4942060.833
721	хорошо	хороший	ADJ	_	Degree=Pos|Gender=Neut|Number=Sing|Variant=Short	_	_	_	@mm1995f-words#@mm1995f#2060.8332061.173
722	только	только	PART	_	_	_	_	_	@mm1995f-words#@mm1995f#2061.8792062.164
723	профессиональный	профессиональный	ADJ	_	Case=Nom|Degree=Pos|Gender=Masc|Number=Sing	_	_	_	@mm1995f-words#@mm1995f#2062.1642062.449
724	спортсмен	спортсмен	NOUN	_	Animacy=Anim|Case=Nom|Gender=Masc|Number=Sing	_	_	_	@mm1995f-words#@mm1995f#2062.4492062.734
725	/	/	PUNCT	_	_	_	_	_	@mm1995f-words#@mm1995f#2062.7342063.019
726	б	бы	PART	_	_	_	_	_	@mm1995f-words#@mm1995f#2063.0192063.304
727	мен...	я	PRON	_	_	_	_	_	@mm1995f-words#@mm1995f#2063.3042063.589
728	меня	я	PRON	_	Case=Acc|Number=Sing|Person=1	_	_	_	@mm1995f-words#@mm1995f#2063.5892063.874
729	мо...	мочь	VERB	_	_	_	_	_	@mm1995f-words#@mm1995f#2063.8742064.159
730	бы	бы	AUX	_	_	_	_	_	@mm1995f-words#@mm1995f#2064.1592064.444
731	мог	мочь	VERB	_	Aspect=Imp|Gender=Masc|Mood=Ind|Number=Sing|Tense=Past|VerbForm=Fin|Voice=Act	_	_	_	@mm1995f-words#@mm1995f#2064.4442064.729
732	понять	понять	VERB	_	Aspect=Perf|VerbForm=Inf|Voice=Act	_	_	_	@mm1995f-words#@mm1995f#2064.7292065.014
733	/	/	PUNCT	_	_	_	_	_	@mm1995f-words#@mm1995f#2065.0142065.299
734	и	и	CCONJ	_	_	_	_	_	@mm1995f-words#@mm1995f#2065.2992065.584
735	/	/	PUNCT	_	_	_	_	_	@mm1995f-words#@mm1995f#2065.5842065.869
736	э	э	INTJ	_	_	_	_	_	@mm1995f-words#@mm1995f#2065.8692066.164
737	м	м	INTJ	_	_	_	_	_	@mm1995f-words#@mm1995f#2067.4212067.631
738	/	/	PUNCT	_	_	_	_	_	@mm1995f-words#@mm1995f#2067.6312067.841
739	наверно	наверно	ADV	_	Degree=Pos	_	_	_	@mm1995f-words#@mm1995f#2067.8412068.051
740	/	/	PUNCT	_	_	_	_	_	@mm1995f-words#@mm1995f#2068.0512068.261
741	и	и	PART	_	_	_	_	_	@mm1995f-words#@mm1995f#2068.2612068.471
742	нам	мы	PRON	_	Case=Dat|Number=Plur|Person=1	_	_	_	@mm1995f-words#@mm1995f#2068.4712068.681
743	пошло	пойти	VERB	_	Aspect=Perf|Gender=Neut|Mood=Ind|Number=Sing|Tense=Past|VerbForm=Fin|Voice=Act	_	_	_	@mm1995f-words#@mm1995f#2068.6812068.891
744	на	на	ADP	_	_	_	_	_	@mm1995f-words#@mm1995f#2068.8912069.101
745	пользу	польза	NOUN	_	Animacy=Inan|Case=Acc|Gender=Fem|Number=Sing	_	_	_	@mm1995f-words#@mm1995f#2069.1012069.311
746	/	/	PUNCT	_	_	_	_	_	@mm1995f-words#@mm1995f#2069.3112069.521
747	то	то	DET	_	_	_	_	_	@mm1995f-words#@mm1995f#2069.5212069.731
748	что	что	SCONJ	_	_	_	_	_	@mm1995f-words#@mm1995f#2069.7312069.941
749	/	/	PUNCT	_	_	_	_	_	@mm1995f-words#@mm1995f#2069.9412070.151
750	и	и	CCONJ	_	_	_	_	_	@mm1995f-words#@mm1995f#2070.1512070.361
751	он	он	PRON	_	Case=Nom|Gender=Masc|Number=Sing|Person=3	_	_	_	@mm1995f-words#@mm1995f#2070.3612070.571
752	тренировался	тренироваться	VERB	_	Aspect=Imp|Gender=Masc|Mood=Ind|Number=Sing|Tense=Past|VerbForm=Fin|Voice=Mid	_	_	_	@mm1995f-words#@mm1995f#2070.5712070.781
753	в	в	ADP	_	_	_	_	_	@mm1995f-words#@mm1995f#2070.7812070.991
754	Америке	Америка	PROPN	_	Animacy=Inan|Case=Loc|Gender=Fem|Number=Sing	_	_	_	@mm1995f-words#@mm1995f#2070.9912071.201
755	/	/	PUNCT	_	_	_	_	_	@mm1995f-words#@mm1995f#2071.2012071.411
756	тоже	тоже	PART	_	_	_	_	_	@mm1995f-words#@mm1995f#2071.4112071.621
757	он	он	PRON	_	Case=Nom|Gender=Masc|Number=Sing|Person=3	_	_	_	@mm1995f-words#@mm1995f#2071.6212071.831
758	готовился	готовиться	VERB	_	Aspect=Imp|Gender=Masc|Mood=Ind|Number=Sing|Tense=Past|VerbForm=Fin|Voice=Mid	_	_	_	@mm1995f-words#@mm1995f#2071.8312072.041
759	к	к	ADP	_	_	_	_	_	@mm1995f-words#@mm1995f#2072.0412072.251
760	олимпийским	олимпийский	ADJ	_	Case=Dat|Degree=Pos|Number=Plur	_	_	_	@mm1995f-words#@mm1995f#2072.2512072.461
761	играм	игра	NOUN	_	Animacy=Inan|Case=Dat|Gender=Fem|Number=Plur	_	_	_	@mm1995f-words#@mm1995f#2072.4612072.679
762	то	то	PRON	_	Animacy=Inan|Case=Nom|Gender=Neut|Number=Sing	_	_	_	@mm1995f-words#@mm1995f#2073.122073.394
763	есть	быть	VERB	_	Aspect=Imp|Mood=Ind|Number=Sing|Person=3|Tense=Pres|VerbForm=Fin|Voice=Act	_	_	_	@mm1995f-words#@mm1995f#2073.3942073.668
764	мы	мы	PRON	_	Case=Nom|Number=Plur|Person=1	_	_	_	@mm1995f-words#@mm1995f#2073.6682073.942
765	оба	оба	NUM	_	Case=Nom|Gender=Masc	_	_	_	@mm1995f-words#@mm1995f#2073.9422074.216
766	ответственно	ответственно	ADV	_	Degree=Pos	_	_	_	@mm1995f-words#@mm1995f#2074.2162074.49
767	к	к	ADP	_	_	_	_	_	@mm1995f-words#@mm1995f#2074.492074.764
768	этому	это	PRON	_	Animacy=Inan|Case=Dat|Gender=Neut|Number=Sing	_	_	_	@mm1995f-words#@mm1995f#2074.7642075.038
769	относились	относиться	VERB	_	Aspect=Imp|Mood=Ind|Number=Plur|Tense=Past|VerbForm=Fin|Voice=Mid	_	_	_	@mm1995f-words#@mm1995f#2075.0382075.314
770	и	и	CCONJ	_	_	_	_	_	@mm1995f-words#@mm1995f#2075.6882075.908
771	мне	я	PRON	_	Case=Dat|Number=Sing|Person=1	_	_	_	@mm1995f-words#@mm1995f#2075.9082076.128
772	не	не	PART	_	_	_	_	_	@mm1995f-words#@mm1995f#2076.1282076.348
773	нужно	нужно	PRED	_	_	_	_	_	@mm1995f-words#@mm1995f#2076.3482076.568
774	было	быть	AUX	_	Aspect=Imp|Gender=Neut|Mood=Ind|Number=Sing|Tense=Past|VerbForm=Fin|Voice=Act	_	_	_	@mm1995f-words#@mm1995f#2076.5682076.788
775	/	/	PUNCT	_	_	_	_	_	@mm1995f-words#@mm1995f#2076.7882077.008
776	после	после	ADP	_	_	_	_	_	@mm1995f-words#@mm1995f#2077.0082077.228
777	тренировок	тренировка	NOUN	_	Animacy=Inan|Case=Gen|Gender=Fem|Number=Plur	_	_	_	@mm1995f-words#@mm1995f#2077.2282077.448
778	/	/	PUNCT	_	_	_	_	_	@mm1995f-words#@mm1995f#2077.4482077.668
779	бежать	бежать	VERB	_	Aspect=Imp|VerbForm=Inf|Voice=Act	_	_	_	@mm1995f-words#@mm1995f#2077.6682077.888
780	домой	домой	ADV	_	Degree=Pos	_	_	_	@mm1995f-words#@mm1995f#2077.8882078.108
781	/	/	PUNCT	_	_	_	_	_	@mm1995f-words#@mm1995f#2078.1082078.328
782	готовить	готовить	VERB	_	Aspect=Imp|VerbForm=Inf|Voice=Act	_	_	_	@mm1995f-words#@mm1995f#2078.3282078.548
783	ужин	ужин	NOUN	_	Animacy=Inan|Case=Acc|Gender=Masc|Number=Sing	_	_	_	@mm1995f-words#@mm1995f#2078.5482078.773
784	потому	потому	ADV	_	Degree=Pos	_	_	_	@mm1995f-words#@mm1995f#2079.052079.296
785	что	что	SCONJ	_	_	_	_	_	@mm1995f-words#@mm1995f#2079.2962079.542
786	э	э	INTJ	_	_	_	_	_	@mm1995f-words#@mm1995f#2080.8482081.079
787	даже	даже	PART	_	_	_	_	_	@mm1995f-words#@mm1995f#2081.2762081.46
788	когда	когда	SCONJ	_	_	_	_	_	@mm1995f-words#@mm1995f#2081.462081.644
789	он	он	PRON	_	Case=Nom|Gender=Masc|Number=Sing|Person=3	_	_	_	@mm1995f-words#@mm1995f#2081.6442081.828
790	был	быть	VERB	_	Aspect=Imp|Gender=Masc|Mood=Ind|Number=Sing|Tense=Past|VerbForm=Fin|Voice=Act	_	_	_	@mm1995f-words#@mm1995f#2081.8282082.012
791	в	в	ADP	_	_	_	_	_	@mm1995f-words#@mm1995f#2082.0122082.196
792	Москве	Москва	PROPN	_	Animacy=Inan|Case=Loc|Gender=Fem|Number=Sing	_	_	_	@mm1995f-words#@mm1995f#2082.1962082.38
793	/	/	PUNCT	_	_	_	_	_	@mm1995f-words#@mm1995f#2082.382082.564
794	мы	мы	PRON	_	Case=Nom|Number=Plur|Person=1	_	_	_	@mm1995f-words#@mm1995f#2082.5642082.748
795	он	он	PRON	_	Case=Nom|Gender=Masc|Number=Sing|Person=3	_	_	_	@mm1995f-words#@mm1995f#2083.192083.465
796	все	весь	PRON	_	Animacy=Inan|Case=Acc|Gender=Neut|Number=Sing	_	_	_	@mm1995f-words#@mm1995f#2083.4652083.74
797	все	весь	PRON	_	Animacy=Inan|Case=Acc|Gender=Neut|Number=Sing	_	_	_	@mm1995f-words#@mm1995f#2083.742084.015
798	понимал	понимать	VERB	_	Aspect=Imp|Gender=Masc|Mood=Ind|Number=Sing|Tense=Past|VerbForm=Fin|Voice=Act	_	_	_	@mm1995f-words#@mm1995f#2084.0152084.29
799	/	/	PUNCT	_	_	_	_	_	@mm1995f-words#@mm1995f#2084.292084.565
800	и	и	CCONJ	_	_	_	_	_	@mm1995f-words#@mm1995f#2084.5652084.844
801	в	в	ADP	_	_	_	_	_	@mm1995f-words#@mm1995f#2085.0442085.284
802	Москве	Москва	PROPN	_	Animacy=Inan|Case=Loc|Gender=Fem|Number=Sing	_	_	_	@mm1995f-words#@mm1995f#2085.2842085.524
803	он	он	PRON	_	Case=Nom|Gender=Masc|Number=Sing|Person=3	_	_	_	@mm1995f-words#@mm1995f#2085.5242085.764
804	был	быть	VERB	_	Aspect=Imp|Gender=Masc|Mood=Ind|Number=Sing|Tense=Past|VerbForm=Fin|Voice=Act	_	_	_	@mm1995f-words#@mm1995f#2085.7642086.004
805	совсем	совсем	ADV	_	Degree=Pos	_	_	_	@mm1995f-words#@mm1995f#2086.0042086.244
806	не	не	PART	_	_	_	_	_	@mm1995f-words#@mm1995f#2086.2442086.484
807	часто	часто	ADV	_	Degree=Pos	_	_	_	@mm1995f-words#@mm1995f#2086.4842086.724
808	и	и	CCONJ	_	_	_	_	_	@mm1995f-words#@mm1995f#2086.7242086.969
809	ну	ну	PART	_	_	_	_	_	@mm1995f-words#@mm1995f#2087.4772087.739
810	/	/	PUNCT	_	_	_	_	_	@mm1995f-words#@mm1995f#2087.7392088.001
811	наверно	наверно	ADV	_	Degree=Pos	_	_	_	@mm1995f-words#@mm1995f#2088.0012088.263
812	/	/	PUNCT	_	_	_	_	_	@mm1995f-words#@mm1995f#2088.2632088.525
813	так	так	ADV	_	Degree=Pos	_	_	_	@mm1995f-words#@mm1995f#2088.5252088.787
814	тоже	тоже	PART	_	_	_	_	_	@mm1995f-words#@mm1995f#2088.7872089.049
815	нужно	нужно	PRED	_	_	_	_	_	@mm1995f-words#@mm1995f#2089.0492089.311
816	было	быть	AUX	_	Aspect=Imp|Gender=Neut|Mood=Ind|Number=Sing|Tense=Past|VerbForm=Fin|Voice=Act	_	_	_	@mm1995f-words#@mm1995f#2089.3112089.573
817	/	/	PUNCT	_	_	_	_	_	@mm1995f-words#@mm1995f#2089.5732089.835
818	чтобы	чтобы	SCONJ	_	_	_	_	_	@mm1995f-words#@mm1995f#2089.8352090.097
819	он	он	PRON	_	Case=Nom|Gender=Masc|Number=Sing|Person=3	_	_	_	@mm1995f-words#@mm1995f#2090.0972090.359
820	там	там	PART	_	_	_	_	_	@mm1995f-words#@mm1995f#2090.3592090.621
821	/	/	PUNCT	_	_	_	_	_	@mm1995f-words#@mm1995f#2090.6212090.883
822	три	три	NUM	_	Animacy=Inan|Case=Acc	_	_	_	@mm1995f-words#@mm1995f#2090.8832091.145
823	четыре	четыре	NUM	_	Animacy=Inan|Case=Acc	_	_	_	@mm1995f-words#@mm1995f#2091.1452091.407
824	года	год	NOUN	_	Animacy=Inan|Case=Gen|Gender=Masc|Number=Sing	_	_	_	@mm1995f-words#@mm1995f#2091.4072091.669
825	/	/	PUNCT	_	_	_	_	_	@mm1995f-words#@mm1995f#2091.6692091.931
826	тренировался	тренироваться	VERB	_	Aspect=Imp|Gender=Masc|Mood=Ind|Number=Sing|Tense=Past|VerbForm=Fin|Voice=Mid	_	_	_	@mm1995f-words#@mm1995f#2091.9312092.193
827	там	там	ADV	_	Degree=Pos	_	_	_	@mm1995f-words#@mm1995f#2092.1932092.455
828	/	/	PUNCT	_	_	_	_	_	@mm1995f-words#@mm1995f#2092.4552092.717
829	потому	потому	ADV	_	Degree=Pos	_	_	_	@mm1995f-words#@mm1995f#2092.7172092.979
830	что	что	SCONJ	_	_	_	_	_	@mm1995f-words#@mm1995f#2092.9792093.249
831	он	он	PRON	_	Case=Nom|Gender=Masc|Number=Sing|Person=3	_	_	_	@mm1995f-words#@mm1995f#2093.7692094.068
832	совсем	совсем	ADV	_	Degree=Pos	_	_	_	@mm1995f-words#@mm1995f#2094.0682094.367
833	меня	я	PRON	_	Case=Acc|Number=Sing|Person=1	_	_	_	@mm1995f-words#@mm1995f#2094.3672094.666
834	никак	никак	ADV	_	Degree=Pos	_	_	_	@mm1995f-words#@mm1995f#2094.6662094.965
835	не	не	PART	_	_	_	_	_	@mm1995f-words#@mm1995f#2094.9652095.264
836	отвлекал	отвлекать	VERB	_	Aspect=Imp|Gender=Masc|Mood=Ind|Number=Sing|Tense=Past|VerbForm=Fin|Voice=Act	_	_	_	@mm1995f-words#@mm1995f#2095.2642095.568
837	что	что	SCONJ	_	_	_	_	_	@mm1995f-words#@mm1995f#2095.5912095.875
838	Амину	Амина	PROPN	_	Animacy=Anim|Case=Dat|Gender=Masc|Number=Sing	_	_	_	@mm1995f-words#@mm1995f#2095.8752096.159
839	Василну	Василовна	PROPN	_	Animacy=Anim|Case=Dat|Gender=Masc|Number=Sing	_	_	_	@mm1995f-words#@mm1995f#2096.1592096.443
840	очень	очень	ADV	_	Degree=Pos	_	_	_	@mm1995f-words#@mm1995f#2096.4432096.727
841	беспокоилось	беспокоиться	VERB	_	Aspect=Perf|Gender=Neut|Mood=Ind|Number=Sing|Tense=Past|VerbForm=Fin|Voice=Mid	_	_	_	@mm1995f-words#@mm1995f#2096.7272097.011
842	/	/	PUNCT	_	_	_	_	_	@mm1995f-words#@mm1995f#2097.0112097.295
843	что	что	SCONJ	_	_	_	_	_	@mm1995f-words#@mm1995f#2097.2952097.579
844	бы...	быть	AUX	_	_	_	_	_	@mm1995f-words#@mm1995f#2097.5792097.863
845	будет	быть	AUX	_	Aspect=Imp|Mood=Ind|Number=Sing|Person=3|Tense=Pres|VerbForm=Fin|Voice=Act	_	_	_	@mm1995f-words#@mm1995f#2097.8632098.147
846	отвлекать	отвлекать	VERB	_	Aspect=Imp|VerbForm=Inf|Voice=Act	_	_	_	@mm1995f-words#@mm1995f#2098.1472098.431
847	/	/	PUNCT	_	_	_	_	_	@mm1995f-words#@mm1995f#2098.4312098.715
848	и	и	CCONJ	_	_	_	_	_	@mm1995f-words#@mm1995f#2098.7152099.005
849	не	не	PART	_	_	_	_	_	@mm1995f-words#@mm1995f#2099.432099.666
850	дай	дать	VERB	_	Aspect=Perf|Mood=Imp|Number=Sing|Person=2|VerbForm=Fin|Voice=Act	_	_	_	@mm1995f-words#@mm1995f#2099.6662099.902
851	бог	бог	NOUN	_	Animacy=Anim|Case=Nom|Gender=Masc|Number=Sing	_	_	_	@mm1995f-words#@mm1995f#2099.9022100.138
852	там	там	PART	_	_	_	_	_	@mm1995f-words#@mm1995f#2100.1382100.374
853	/	/	PUNCT	_	_	_	_	_	@mm1995f-words#@mm1995f#2100.3742100.61
854	поссоримся	поссориться	VERB	_	Aspect=Perf|Mood=Ind|Number=Plur|Person=1|Tense=Fut|VerbForm=Fin|Voice=Mid	_	_	_	@mm1995f-words#@mm1995f#2100.612100.846
855	/	/	PUNCT	_	_	_	_	_	@mm1995f-words#@mm1995f#2100.8462101.082
856	поругаемся	поругаться	VERB	_	Aspect=Perf|Mood=Ind|Number=Plur|Person=1|Tense=Fut|VerbForm=Fin|Voice=Mid	_	_	_	@mm1995f-words#@mm1995f#2101.0822101.323
857	ну	ну	PART	_	_	_	_	_	@mm1995f-words#@mm1995f#2101.3892101.558
858	/	/	PUNCT	_	_	_	_	_	@mm1995f-words#@mm1995f#2101.5582101.727
859	и	и	CCONJ	_	_	_	_	_	@mm1995f-words#@mm1995f#2101.7272101.896
860	она	она	PRON	_	Case=Nom|Gender=Fem|Number=Sing|Person=3	_	_	_	@mm1995f-words#@mm1995f#2101.8962102.065
861	и	и	PART	_	_	_	_	_	@mm1995f-words#@mm1995f#2102.0652102.234
862	судила	судить	VERB	_	Aspect=Imp|Gender=Fem|Mood=Ind|Number=Sing|Tense=Past|VerbForm=Fin|Voice=Act	_	_	_	@mm1995f-words#@mm1995f#2102.2342102.403
863	/	/	PUNCT	_	_	_	_	_	@mm1995f-words#@mm1995f#2102.4032102.572
864	по	по	ADP	_	_	_	_	_	@mm1995f-words#@mm1995f#2102.5722102.741
865	своему	свой	DET	_	Case=Dat|Gender=Masc|Number=Sing	_	_	_	@mm1995f-words#@mm1995f#2102.7412102.91
866	опыту	опыт	NOUN	_	Animacy=Inan|Case=Dat|Gender=Masc|Number=Sing	_	_	_	@mm1995f-words#@mm1995f#2102.912103.087
867	а	а	CCONJ	_	_	_	_	_	@mm1995f-words#@mm1995f#2103.4782103.706
868	девочки	девочка	NOUN	_	Animacy=Anim|Case=Nom|Gender=Fem|Number=Plur	_	_	_	@mm1995f-words#@mm1995f#2103.7062103.934
869	же	же	PART	_	_	_	_	_	@mm1995f-words#@mm1995f#2103.9342104.162
870	/	/	PUNCT	_	_	_	_	_	@mm1995f-words#@mm1995f#2104.1622104.39
871	очень	очень	ADV	_	Degree=Pos	_	_	_	@mm1995f-words#@mm1995f#2104.392104.618
872	эмоциональны	эмоциональный	ADJ	_	Degree=Pos|Number=Plur|Variant=Short	_	_	_	@mm1995f-words#@mm1995f#2104.6182104.846
873	в	в	ADP	_	_	_	_	_	@mm1995f-words#@mm1995f#2104.8462105.074
874	этом	этот	DET	_	Case=Loc|Gender=Masc|Number=Sing	_	_	_	@mm1995f-words#@mm1995f#2105.0742105.302
875	плане	план	NOUN	_	Animacy=Inan|Case=Loc|Gender=Masc|Number=Sing	_	_	_	@mm1995f-words#@mm1995f#2105.3022105.53
876	/	/	PUNCT	_	_	_	_	_	@mm1995f-words#@mm1995f#2105.532105.758
877	что	что	SCONJ	_	_	_	_	_	@mm1995f-words#@mm1995f#2105.7582105.986
878	там	там	PART	_	Degree=Pos	_	_	_	@mm1995f-words#@mm1995f#2105.9862106.214
879	чуть	чуть	ADV	_	Degree=Pos	_	_	_	@mm1995f-words#@mm1995f#2106.5952106.869
880	что	что	SCONJ	_	_	_	_	_	@mm1995f-words#@mm1995f#2106.8692107.143
881	/	/	PUNCT	_	_	_	_	_	@mm1995f-words#@mm1995f#2107.1432107.417
882	сразу	сразу	ADV	_	Degree=Pos	_	_	_	@mm1995f-words#@mm1995f#2107.4172107.691
883	нет	нет	PRED	_	_	_	_	_	@mm1995f-words#@mm1995f#2107.6912107.965
884	настроения	настроение	NOUN	_	Animacy=Inan|Case=Acc|Gender=Neut|Number=Plur	_	_	_	@mm1995f-words#@mm1995f#2107.9652108.239
885	на	на	ADP	_	_	_	_	_	@mm1995f-words#@mm1995f#2108.2392108.513
886	тренировках	тренировка	NOUN	_	Animacy=Inan|Case=Loc|Gender=Fem|Number=Plur	_	_	_	@mm1995f-words#@mm1995f#2108.5132108.787
887	/	/	PUNCT	_	_	_	_	_	@mm1995f-words#@mm1995f#2108.7872109.061
888	или	или	CCONJ	_	_	_	_	_	@mm1995f-words#@mm1995f#2109.0612109.335
889	всякое	всякий	DET	_	Case=Nom|Gender=Neut|Number=Sing	_	_	_	@mm1995f-words#@mm1995f#2109.3352109.609
890	такое	такой	DET	_	Case=Nom|Gender=Neut|Number=Sing	_	_	_	@mm1995f-words#@mm1995f#2109.6092109.886
891	но	но	CCONJ	_	_	_	_	_	@mm1995f-words#@mm1995f#2110.3912110.563
892	слава	слава	NOUN	_	Animacy=Inan|Case=Nom|Gender=Fem|Number=Sing	_	_	_	@mm1995f-words#@mm1995f#2110.5632110.735
893	богу	бог	NOUN	_	Animacy=Anim|Case=Dat|Gender=Masc|Number=Sing	_	_	_	@mm1995f-words#@mm1995f#2110.7352110.907
894	/	/	PUNCT	_	_	_	_	_	@mm1995f-words#@mm1995f#2110.9072111.079
895	у	у	ADP	_	_	_	_	_	@mm1995f-words#@mm1995f#2111.0792111.251
896	нас	мы	PRON	_	Case=Gen|Number=Plur|Person=1	_	_	_	@mm1995f-words#@mm1995f#2111.2512111.423
897	такого	такой	DET	_	Case=Gen|Gender=Neut|Number=Sing	_	_	_	@mm1995f-words#@mm1995f#2111.4232111.595
898	не	не	PART	_	_	_	_	_	@mm1995f-words#@mm1995f#2111.5952111.767
899	было	быть	VERB	_	Aspect=Imp|Gender=Neut|Mood=Ind|Number=Sing|Tense=Past|VerbForm=Fin|Voice=Act	_	_	_	@mm1995f-words#@mm1995f#2111.7672111.939
900	/	/	PUNCT	_	_	_	_	_	@mm1995f-words#@mm1995f#2111.9392112.111
901	и	и	CCONJ	_	_	_	_	_	@mm1995f-words#@mm1995f#2112.1112112.283
902	вот	вот	PART	_	_	_	_	_	@mm1995f-words#@mm1995f#2112.2832112.459
903	это	это	PRON	_	Animacy=Inan|Case=Nom|Gender=Neut|Number=Sing	_	_	_	@mm1995f-words#@mm1995f#2113.3772113.668
904	только	только	PART	_	_	_	_	_	@mm1995f-words#@mm1995f#2113.6682113.96
905	вдохновляло	вдохновлять	VERB	_	Aspect=Imp|Gender=Neut|Mood=Ind|Number=Sing|Tense=Past|VerbForm=Fin|Voice=Act	_	_	_	@mm1995f-words#@mm1995f#2114.4032114.781
906	/	/	PUNCT	_	_	_	_	_	@mm1995f-words#@mm1995f#2114.7812115.159
907	так	так	ADV	_	Degree=Pos	_	_	_	@mm1995f-words#@mm1995f#2115.1592115.537
908	скажем	сказать	VERB	_	Aspect=Perf|Mood=Ind|Number=Plur|Person=1|Tense=Fut|VerbForm=Fin|Voice=Act	_	_	_	@mm1995f-words#@mm1995f#2115.5372115.915
909	на	на	ADP	_	_	_	_	_	@mm1995f-words#@mm1995f#2117.0892117.366
910	тот	тот	DET	_	Case=Acc|Gender=Masc|Number=Sing	_	_	_	@mm1995f-words#@mm1995f#2117.3662117.643
911	момент	момент	NOUN	_	Animacy=Inan|Case=Acc|Gender=Masc|Number=Sing	_	_	_	@mm1995f-words#@mm1995f#2117.6432117.922
912	спортивный	спортивный	ADJ	_	Case=Nom|Degree=Pos|Gender=Masc|Number=Sing	_	_	_	@mm1995f-words#@mm1995f#2138.0242138.321
913	характер	характер	NOUN	_	Animacy=Inan|Case=Nom|Gender=Masc|Number=Sing	_	_	_	@mm1995f-words#@mm1995f#2138.3212138.618
914	/	/	PUNCT	_	_	_	_	_	@mm1995f-words#@mm1995f#2138.6182138.915
915	это	это	PART	_	_	_	_	_	@mm1995f-words#@mm1995f#2138.9152139.212
916	/	/	PUNCT	_	_	_	_	_	@mm1995f-words#@mm1995f#2139.2122139.509
917	самое	самый	ADJ	_	Case=Nom|Degree=Pos|Gender=Neut|Number=Sing	_	_	_	@mm1995f-words#@mm1995f#2139.5092139.806
918	главное	главный	ADJ	_	Case=Nom|Degree=Pos|Gender=Neut|Number=Sing	_	_	_	@mm1995f-words#@mm1995f#2139.8062140.103
919	/	/	PUNCT	_	_	_	_	_	@mm1995f-words#@mm1995f#2140.1032140.4
920	внутренний	внутренний	ADJ	_	Case=Nom|Degree=Pos|Gender=Masc|Number=Sing	_	_	_	@mm1995f-words#@mm1995f#2140.42140.697
921	стержень	стержень	NOUN	_	Animacy=Inan|Case=Nom|Gender=Masc|Number=Sing	_	_	_	@mm1995f-words#@mm1995f#2140.6972140.994
922	/	/	PUNCT	_	_	_	_	_	@mm1995f-words#@mm1995f#2140.9942141.291
923	и	и	CCONJ	_	_	_	_	_	@mm1995f-words#@mm1995f#2141.2912141.588
924	внутренняя	внутренний	ADJ	_	Case=Nom|Degree=Pos|Gender=Fem|Number=Sing	_	_	_	@mm1995f-words#@mm1995f#2142.1212142.644
925	сила	сила	NOUN	_	Animacy=Inan|Case=Nom|Gender=Fem|Number=Sing	_	_	_	@mm1995f-words#@mm1995f#2142.6442143.168
926	вот	вот	PART	_	_	_	_	_	@mm1995f-words#@mm1995f#2143.3862143.623
927	п	п	INTJ	_	_	_	_	_	@mm1995f-words#@mm1995f#2143.6232143.86
928	/	/	PUNCT	_	_	_	_	_	@mm1995f-words#@mm1995f#2143.862144.097
929	к	к	ADP	_	_	_	_	_	@mm1995f-words#@mm1995f#2144.0972144.334
930	какому	какой	DET	_	Case=Dat|Gender=Masc|Number=Sing	_	_	_	@mm1995f-words#@mm1995f#2144.3342144.571
931	выводу	вывод	NOUN	_	Animacy=Inan|Case=Dat|Gender=Masc|Number=Sing	_	_	_	@mm1995f-words#@mm1995f#2144.5712144.808
932	мы	мы	PRON	_	Case=Nom|Number=Plur|Person=1	_	_	_	@mm1995f-words#@mm1995f#2144.8082145.045
933	пришли	прийти	VERB	_	Aspect=Perf|Mood=Ind|Number=Plur|Tense=Past|VerbForm=Fin|Voice=Act	_	_	_	@mm1995f-words#@mm1995f#2145.0452145.284
934	пээ	пээ	INTJ	_	_	_	_	_	@mm1995f-words#@mm1995f#2145.4172145.76
935	/	/	PUNCT	_	_	_	_	_	@mm1995f-words#@mm1995f#2145.762146.103
936	и	и	CCONJ	_	_	_	_	_	@mm1995f-words#@mm1995f#2146.1032146.446
937	то	то	DET	_	_	_	_	_	@mm1995f-words#@mm1995f#2146.4462146.789
938	что	что	SCONJ	_	_	_	_	_	@mm1995f-words#@mm1995f#2146.7892147.132
939	я	я	PRON	_	Case=Nom|Number=Sing|Person=1	_	_	_	@mm1995f-words#@mm1995f#2147.4992147.874
940	доказала	доказать	VERB	_	Aspect=Perf|Gender=Fem|Mood=Ind|Number=Sing|Tense=Past|VerbForm=Fin|Voice=Act	_	_	_	@mm1995f-words#@mm1995f#2147.8742148.249
941	потому	потому	ADV	_	Degree=Pos	_	_	_	@mm1995f-words#@mm1995f#2148.4572148.723
942	что	что	SCONJ	_	_	_	_	_	@mm1995f-words#@mm1995f#2148.7232148.99
943	действительно	действительно	ADV	_	Degree=Pos	_	_	_	@mm1995f-words#@mm1995f#2149.3992149.679
944	/	/	PUNCT	_	_	_	_	_	@mm1995f-words#@mm1995f#2149.6792149.959
945	м...	я	PRON	_	_	_	_	_	@mm1995f-words#@mm1995f#2149.9592150.239
946	меня	я	PRON	_	Case=Acc|Number=Sing|Person=1	_	_	_	@mm1995f-words#@mm1995f#2150.2392150.52
947	ээ	ээ	INTJ	_	_	_	_	_	@mm1995f-words#@mm1995f#2151.042151.277
948	когда	когда	SCONJ	_	_	_	_	_	@mm1995f-words#@mm1995f#2151.7392152.008
949	у	у	ADP	_	_	_	_	_	@mm1995f-words#@mm1995f#2152.0082152.277
950	меня	я	PRON	_	Case=Gen|Number=Sing|Person=1	_	_	_	@mm1995f-words#@mm1995f#2152.2772152.546
951	/	/	PUNCT	_	_	_	_	_	@mm1995f-words#@mm1995f#2152.5462152.815
952	не	не	PART	_	_	_	_	_	@mm1995f-words#@mm1995f#2152.8152153.084
953	получалось	получаться	VERB	_	Aspect=Imp|Gender=Neut|Mood=Ind|Number=Sing|Tense=Past|VerbForm=Fin|Voice=Mid	_	_	_	@mm1995f-words#@mm1995f#2153.0842153.353
954	э	э	INTJ	_	_	_	_	_	@mm1995f-words#@mm1995f#2153.3532153.628
955	ээ	ээ	INTJ	_	_	_	_	_	@mm1995f-words#@mm1995f#2154.5572154.884
956	выступать	выступать	VERB	_	Aspect=Imp|VerbForm=Inf|Voice=Act	_	_	_	@mm1995f-words#@mm1995f#2155.6742155.934
957	/	/	PUNCT	_	_	_	_	_	@mm1995f-words#@mm1995f#2155.9342156.194
958	Амина	Амина	PROPN	_	Animacy=Anim|Case=Nom|Gender=Fem|Number=Sing	_	_	_	@mm1995f-words#@mm1995f#2156.1942156.454
959	Василна	Василовна	PROPN	_	Animacy=Anim|Case=Nom|Gender=Fem|Number=Sing	_	_	_	@mm1995f-words#@mm1995f#2156.4542156.714
960	/	/	PUNCT	_	_	_	_	_	@mm1995f-words#@mm1995f#2156.7142156.974
961	вот	вот	PART	_	_	_	_	_	@mm1995f-words#@mm1995f#2156.9742157.234
962	с	с	ADP	_	_	_	_	_	@mm1995f-words#@mm1995f#2157.2342157.494
963	/	/	PUNCT	_	_	_	_	_	@mm1995f-words#@mm1995f#2157.4942157.754
964	Ириной	Ирина	PROPN	_	Animacy=Anim|Case=Ins|Gender=Fem|Number=Sing	_	_	_	@mm1995f-words#@mm1995f#2157.7542158.014
965	Борисной	Борисовна	PROPN	_	Animacy=Anim|Case=Ins|Gender=Fem|Number=Sing	_	_	_	@mm1995f-words#@mm1995f#2158.0142158.274
966	/	/	PUNCT	_	_	_	_	_	@mm1995f-words#@mm1995f#2158.2742158.534
967	мм	мм	INTJ	_	_	_	_	_	@mm1995f-words#@mm1995f#2158.5342158.794
968	Зеновкой	Зеновка	PROPN	_	Animacy=Anim|Case=Ins|Gender=Fem|Number=Sing	_	_	_	@mm1995f-words#@mm1995f#2158.7942159.054
969	/	/	PUNCT	_	_	_	_	_	@mm1995f-words#@mm1995f#2159.0542159.314
970	постановщиком	постановщик	NOUN	_	Animacy=Anim|Case=Ins|Gender=Fem|Number=Sing	_	_	_	@mm1995f-words#@mm1995f#2159.3142159.574
971	моим	мой	DET	_	Case=Ins|Gender=Masc|Number=Sing	_	_	_	@mm1995f-words#@mm1995f#2160.0652160.279
972	/	/	PUNCT	_	_	_	_	_	@mm1995f-words#@mm1995f#2160.2792160.493
973	они	они	PRON	_	Case=Nom|Number=Plur|Person=3	_	_	_	@mm1995f-words#@mm1995f#2160.4932160.707
974	пытались	пытаться	VERB	_	Aspect=Imp|Mood=Ind|Number=Plur|Tense=Past|VerbForm=Fin|Voice=Mid	_	_	_	@mm1995f-words#@mm1995f#2160.7072160.921
975	/	/	PUNCT	_	_	_	_	_	@mm1995f-words#@mm1995f#2160.9212161.135
976	меня	я	PRON	_	Case=Acc|Number=Sing|Person=1	_	_	_	@mm1995f-words#@mm1995f#2161.1352161.349
977	/	/	PUNCT	_	_	_	_	_	@mm1995f-words#@mm1995f#2161.3492161.563
978	даже	даже	PART	_	_	_	_	_	@mm1995f-words#@mm1995f#2161.5632161.777
979	разозлить	разозлить	VERB	_	Aspect=Perf|VerbForm=Inf|Voice=Act	_	_	_	@mm1995f-words#@mm1995f#2161.7772161.991
980	/	/	PUNCT	_	_	_	_	_	@mm1995f-words#@mm1995f#2161.9912162.205
981	в	в	ADP	_	_	_	_	_	@mm1995f-words#@mm1995f#2162.2052162.419
982	кое-то	кой-то	DET	_	Animacy=Inan|Case=Loc|Gender=Fem|Number=Sing	_	_	_	@mm1995f-words#@mm1995f#2162.4192162.633
983	мере	мера	NOUN	_	Animacy=Inan|Case=Loc|Gender=Fem|Number=Sing	_	_	_	@mm1995f-words#@mm1995f#2162.6332162.85
984	я	я	PRON	_	Case=Nom|Number=Sing|Person=1	_	_	_	@mm1995f-words#@mm1995f#2163.2332163.487
985	это	это	PRON	_	Animacy=Inan|Case=Acc|Gender=Neut|Number=Sing	_	_	_	@mm1995f-words#@mm1995f#2163.4872163.741
986	узнала	узнать	VERB	_	Aspect=Perf|Gender=Fem|Mood=Ind|Number=Sing|Tense=Past|VerbForm=Fin|Voice=Act	_	_	_	@mm1995f-words#@mm1995f#2163.7412163.995
987	уже	уже	ADV	_	Degree=Pos	_	_	_	@mm1995f-words#@mm1995f#2163.9952164.249
988	после	после	ADV	_	Degree=Pos	_	_	_	@mm1995f-words#@mm1995f#2164.2492164.504
989	я	я	PRON	_	Case=Nom|Number=Sing|Person=1	_	_	_	@mm1995f-words#@mm1995f#2164.5312164.72
990	думала	думать	VERB	_	Aspect=Imp|Gender=Fem|Mood=Ind|Number=Sing|Tense=Past|VerbForm=Fin|Voice=Act	_	_	_	@mm1995f-words#@mm1995f#2164.722164.909
991	/	/	PUNCT	_	_	_	_	_	@mm1995f-words#@mm1995f#2164.9092165.098
992	чего	что	SCONJ	_	_	_	_	_	@mm1995f-words#@mm1995f#2165.0982165.287
993	это	это	PART	_	_	_	_	_	@mm1995f-words#@mm1995f#2165.2872165.476
994	они	они	PRON	_	Case=Nom|Number=Plur|Person=3	_	_	_	@mm1995f-words#@mm1995f#2165.4762165.665
995	там	там	PART	_	Degree=Pos	_	_	_	@mm1995f-words#@mm1995f#2165.6652165.854
996	/	/	PUNCT	_	_	_	_	_	@mm1995f-words#@mm1995f#2165.8542166.043
997	так	так	ADV	_	Degree=Pos	_	_	_	@mm1995f-words#@mm1995f#2166.0432166.232
998	/	/	PUNCT	_	_	_	_	_	@mm1995f-words#@mm1995f#2166.2322166.421
999	выводят	выводить	VERB	_	Aspect=Imp|Mood=Ind|Number=Plur|Person=3|Tense=Pres|VerbForm=Fin|Voice=Act	_	_	_	@mm1995f-words#@mm1995f#2166.4212166.61
1000	меня	я	PRON	_	Case=Acc|Number=Sing|Person=1	_	_	_	@mm1995f-words#@mm1995f#2166.612166.807
1001	#смеется#	#смеется#	X	_	_	_	_	_	@mm1995f-words#@mm1995f#2167.3852167.7
1002	я	я	PRON	_	Case=Nom|Number=Sing|Person=1	_	_	_	@mm1995f-words#@mm1995f#2168.0662168.356
1003	это	это	PRON	_	Animacy=Inan|Case=Acc|Gender=Neut|Number=Sing	_	_	_	@mm1995f-words#@mm1995f#2168.3562168.646
1004	узнала	узнать	VERB	_	Aspect=Perf|Gender=Fem|Mood=Ind|Number=Sing|Tense=Past|VerbForm=Fin|Voice=Act	_	_	_	@mm1995f-words#@mm1995f#2168.6462168.936
1005	уже	уже	ADV	_	Degree=Pos	_	_	_	@mm1995f-words#@mm1995f#2168.9362169.226
1006	после	после	ADV	_	Degree=Pos	_	_	_	@mm1995f-words#@mm1995f#2169.2262169.516
1007	/	/	PUNCT	_	_	_	_	_	@mm1995f-words#@mm1995f#2169.5162169.806
1008	когда	когда	SCONJ	_	_	_	_	_	@mm1995f-words#@mm1995f#2169.8062170.096
1009	/	/	PUNCT	_	_	_	_	_	@mm1995f-words#@mm1995f#2170.0962170.386
1010	уже	уже	ADV	_	Degree=Pos	_	_	_	@mm1995f-words#@mm1995f#2170.3862170.676
1011	это	это	PRON	_	Animacy=Inan|Case=Nom|Gender=Neut|Number=Sing	_	_	_	@mm1995f-words#@mm1995f#2170.6762170.966
1012	все	весь	DET	_	Case=Nom|Gender=Neut|Number=Sing	_	_	_	@mm1995f-words#@mm1995f#2170.9662171.256
1013	закончилось	закончиться	VERB	_	Aspect=Perf|Gender=Neut|Mood=Ind|Number=Sing|Tense=Past|VerbForm=Fin|Voice=Mid	_	_	_	@mm1995f-words#@mm1995f#2171.2562171.556
1014	когда	когда	SCONJ	_	_	_	_	_	@mm1995f-words#@mm1995f#2171.8832172.153
1015	я	я	PRON	_	Case=Nom|Number=Sing|Person=1	_	_	_	@mm1995f-words#@mm1995f#2172.1532172.423
1016	действительно	действительно	ADV	_	Degree=Pos	_	_	_	@mm1995f-words#@mm1995f#2172.4232172.693
1017	/	/	PUNCT	_	_	_	_	_	@mm1995f-words#@mm1995f#2172.6932172.963
1018	единственный	единственный	ADJ	_	Animacy=Inan|Case=Acc|Degree=Pos|Gender=Masc|Number=Sing	_	_	_	@mm1995f-words#@mm1995f#2172.9632173.233
1019	раз	раз	NOUN	_	Animacy=Inan|Case=Acc|Gender=Masc|Number=Sing	_	_	_	@mm1995f-words#@mm1995f#2173.2332173.503
1020	в	в	ADP	_	_	_	_	_	@mm1995f-words#@mm1995f#2173.5032173.773
1021	своей	свой	DET	_	Case=Loc|Gender=Fem|Number=Sing	_	_	_	@mm1995f-words#@mm1995f#2173.7732174.043
1022	жизни	жизнь	NOUN	_	Animacy=Inan|Case=Loc|Gender=Fem|Number=Sing	_	_	_	@mm1995f-words#@mm1995f#2174.0432174.316
1023	бросила	бросить	VERB	_	Aspect=Perf|Gender=Fem|Mood=Ind|Number=Sing|Tense=Past|VerbForm=Fin|Voice=Act	_	_	_	@mm1995f-words#@mm1995f#2174.6332175.129
1024	мяч	мяч	NOUN	_	Animacy=Inan|Case=Acc|Gender=Masc|Number=Sing	_	_	_	@mm1995f-words#@mm1995f#2175.1292175.625
1025	и	и	CCONJ	_	_	_	_	_	@mm1995f-words#@mm1995f#2176.3282176.583
1026	ушла	уйти	VERB	_	Aspect=Perf|Gender=Fem|Mood=Ind|Number=Sing|Tense=Past|VerbForm=Fin|Voice=Act	_	_	_	@mm1995f-words#@mm1995f#2176.5832176.838
1027	но	но	CCONJ	_	_	_	_	_	@mm1995f-words#@mm1995f#2186.4142186.63
1028	ушла	уйти	VERB	_	Aspect=Perf|Gender=Fem|Mood=Ind|Number=Sing|Tense=Past|VerbForm=Fin|Voice=Act	_	_	_	@mm1995f-words#@mm1995f#2186.632186.846
1029	рыдать	рыдать	VERB	_	Aspect=Imp|VerbForm=Inf|Voice=Act	_	_	_	@mm1995f-words#@mm1995f#2186.8462187.062
1030	/	/	PUNCT	_	_	_	_	_	@mm1995f-words#@mm1995f#2187.0622187.278
1031	а	а	CCONJ	_	_	_	_	_	@mm1995f-words#@mm1995f#2187.2782187.494
1032	не	не	PART	_	_	_	_	_	@mm1995f-words#@mm1995f#2187.4942187.71
1033	/	/	PUNCT	_	_	_	_	_	@mm1995f-words#@mm1995f#2187.712187.926
1034	ругаться	ругаться	VERB	_	Aspect=Imp|VerbForm=Inf|Voice=Mid	_	_	_	@mm1995f-words#@mm1995f#2187.9262188.142
1035	на	на	ADP	_	_	_	_	_	@mm1995f-words#@mm1995f#2188.1422188.358
1036	них	они	PRON	_	Case=Acc|Number=Plur|Person=3	_	_	_	@mm1995f-words#@mm1995f#2188.3582188.574
1037	/	/	PUNCT	_	_	_	_	_	@mm1995f-words#@mm1995f#2188.5742188.79
1038	ушла	уйти	VERB	_	Aspect=Perf|Gender=Fem|Mood=Ind|Number=Sing|Tense=Past|VerbForm=Fin|Voice=Act	_	_	_	@mm1995f-words#@mm1995f#2188.792189.006
1039	рыдать	рыдать	VERB	_	Aspect=Imp|VerbForm=Inf|Voice=Act	_	_	_	@mm1995f-words#@mm1995f#2189.0062189.232
1040	потому	потому	ADV	_	Degree=Pos	_	_	_	@mm1995f-words#@mm1995f#2189.3862189.56
1041	что	что	SCONJ	_	_	_	_	_	@mm1995f-words#@mm1995f#2189.562189.734
1042	/	/	PUNCT	_	_	_	_	_	@mm1995f-words#@mm1995f#2189.7342189.908
1043	ну	ну	PART	_	_	_	_	_	@mm1995f-words#@mm1995f#2189.9082190.082
1044	это	это	PRON	_	Animacy=Inan|Case=Nom|Gender=Neut|Number=Sing	_	_	_	@mm1995f-words#@mm1995f#2190.0822190.256
1045	все	весь	DET	_	Case=Nom|Gender=Neut|Number=Sing	_	_	_	@mm1995f-words#@mm1995f#2190.2562190.43
1046	а	а	CCONJ	_	_	_	_	_	@mm1995f-words#@mm1995f#2190.8362191.045
1047	они	они	PRON	_	Case=Nom|Number=Plur|Person=3	_	_	_	@mm1995f-words#@mm1995f#2191.0452191.254
1048	/	/	PUNCT	_	_	_	_	_	@mm1995f-words#@mm1995f#2191.2542191.463
1049	э	э	INTJ	_	_	_	_	_	@mm1995f-words#@mm1995f#2191.4632191.672
1050	/	/	PUNCT	_	_	_	_	_	@mm1995f-words#@mm1995f#2191.6722191.881
1051	оказывается	оказываться	VERB	_	Aspect=Imp|Mood=Ind|Number=Sing|Person=3|Tense=Pres|VerbForm=Fin|Voice=Mid	_	_	_	@mm1995f-words#@mm1995f#2191.8812192.095
1052	я	я	PRON	_	Case=Nom|Number=Sing|Person=1	_	_	_	@mm1995f-words#@mm1995f#2192.3152192.459
1053	думала	думать	VERB	_	Aspect=Imp|Gender=Fem|Mood=Ind|Number=Sing|Tense=Past|VerbForm=Fin|Voice=Act	_	_	_	@mm1995f-words#@mm1995f#2192.4592192.603
1054	/	/	PUNCT	_	_	_	_	_	@mm1995f-words#@mm1995f#2192.6032192.747
1055	они	они	PRON	_	Case=Nom|Number=Plur|Person=3	_	_	_	@mm1995f-words#@mm1995f#2192.7472192.891
1056	там	там	ADV	_	Degree=Pos	_	_	_	@mm1995f-words#@mm1995f#2192.8912193.035
1057	/	/	PUNCT	_	_	_	_	_	@mm1995f-words#@mm1995f#2193.0352193.179
1058	злые	злой	ADJ	_	Case=Nom|Degree=Pos|Number=Plur	_	_	_	@mm1995f-words#@mm1995f#2193.1792193.323
1059	на	на	ADP	_	_	_	_	_	@mm1995f-words#@mm1995f#2193.3232193.467
1060	меня	я	PRON	_	Case=Acc|Number=Sing|Person=1	_	_	_	@mm1995f-words#@mm1995f#2193.4672193.614
1061	а	а	CCONJ	_	_	_	_	_	@mm1995f-words#@mm1995f#2193.6712193.906
1062	они	они	PRON	_	Case=Nom|Number=Plur|Person=3	_	_	_	@mm1995f-words#@mm1995f#2193.9062194.141
1063	оказывается	оказываться	VERB	_	Aspect=Imp|Mood=Ind|Number=Sing|Person=3|Tense=Pres|VerbForm=Fin|Voice=Mid	_	_	_	@mm1995f-words#@mm1995f#2194.1412194.376
1064	сделали	сделать	VERB	_	Aspect=Perf|Mood=Ind|Number=Plur|Tense=Past|VerbForm=Fin|Voice=Act	_	_	_	@mm1995f-words#@mm1995f#2194.3762194.611
1065	/	/	PUNCT	_	_	_	_	_	@mm1995f-words#@mm1995f#2194.6112194.846
1066	йес	йес	PART	_	_	_	_	_	@mm1995f-words#@mm1995f#2194.8462195.085
1067	наконец	наконец	ADV	_	Degree=Pos	_	_	_	@mm1995f-words#@mm1995f#2195.3212196.105
1068	-	-	PUNCT	_	_	_	_	_	@mm1995f-words#@mm1995f#2195.3212196.106
1069	то	то	PART	_	_	_	_	_	@mm1995f-words#@mm1995f#2195.3212196.107
1070	вот	вот	PART	_	_	_	_	_	@mm1995f-words#@mm1995f#2196.2852196.535
1071	так	так	ADV	_	Degree=Pos	_	_	_	@mm1995f-words#@mm1995f#2196.5352196.785
1072	вот	вот	PART	_	_	_	_	_	@mm1995f-words#@mm1995f#2196.7852197.036
1073	и	и	CCONJ	_	_	_	_	_	@mm1995f-words#@mm1995f#2197.2662197.393
1074	я	я	PRON	_	Case=Nom|Number=Sing|Person=1	_	_	_	@mm1995f-words#@mm1995f#2197.3932197.52
1075	говорю	говорить	VERB	_	Aspect=Imp|Mood=Ind|Number=Sing|Person=1|Tense=Pres|VerbForm=Fin|Voice=Act	_	_	_	@mm1995f-words#@mm1995f#2197.522197.649
1076	ничего	ничто	PRON	_	Case=Gen	_	_	_	@mm1995f-words#@mm1995f#2197.6562198.11
1077	себе	себя	PART	_	_	_	_	_	@mm1995f-words#@mm1995f#2198.112198.565
1078	вы	вы	PRON	_	Case=Nom|Number=Plur|Person=2	_	_	_	@mm1995f-words#@mm1995f#2198.8462199.077
1079	а...	а...	PROPN	_	_	_	_	_	@mm1995f-words#@mm1995f#2199.0772199.308
1080	этого	это	DET	_	Animacy=Inan|Case=Gen|Gender=Neut|Number=Sing	_	_	_	@mm1995f-words#@mm1995f#2199.3082199.539
1081	от	от	ADP	_	_	_	_	_	@mm1995f-words#@mm1995f#2199.5392199.77
1082	меня	я	PRON	_	Case=Gen|Number=Sing|Person=1	_	_	_	@mm1995f-words#@mm1995f#2199.772200.001
1083	добивались	добиваться	VERB	_	Aspect=Imp|Mood=Ind|Number=Plur|Tense=Past|VerbForm=Fin|Voice=Mid	_	_	_	@mm1995f-words#@mm1995f#2200.0012200.232
1084	?	?	PUNCT	_	_	_	_	_	@mm1995f-words#@mm1995f#2200.2322200.464
1085	я	я	PRON	_	Case=Nom|Number=Sing|Person=1	_	_	_	@mm1995f-words#@mm1995f#2200.8972201.084
1086	бы	бы	PART	_	_	_	_	_	@mm1995f-words#@mm1995f#2201.0842201.271
1087	раньше	рано	ADV	_	Degree=Cmp	_	_	_	@mm1995f-words#@mm1995f#2201.2712201.458
1088	бы	бы	PART	_	_	_	_	_	@mm1995f-words#@mm1995f#2201.4582201.645
1089	/	/	PUNCT	_	_	_	_	_	@mm1995f-words#@mm1995f#2201.6452201.832
1090	если	если	SCONJ	_	_	_	_	_	@mm1995f-words#@mm1995f#2201.8322202.019
1091	вы	вы	PRON	_	Case=Nom|Number=Plur|Person=2	_	_	_	@mm1995f-words#@mm1995f#2202.0192202.206
1092	хотели	хотеть	VERB	_	Aspect=Imp|Mood=Ind|Number=Plur|Tense=Past|VerbForm=Fin|Voice=Act	_	_	_	@mm1995f-words#@mm1995f#2202.2062202.393
1093	/	/	PUNCT	_	_	_	_	_	@mm1995f-words#@mm1995f#2202.3932202.58
1094	это	это	PRON	_	Animacy=Inan|Case=Acc|Gender=Neut|Number=Sing	_	_	_	@mm1995f-words#@mm1995f#2202.582202.767
1095	бы	бы	PART	_	_	_	_	_	@mm1995f-words#@mm1995f#2202.7672202.954
1096	сделала	сделать	VERB	_	Aspect=Perf|Gender=Fem|Mood=Ind|Number=Sing|Tense=Past|VerbForm=Fin|Voice=Act	_	_	_	@mm1995f-words#@mm1995f#2202.9542203.143
1097	но	но	CCONJ	_	_	_	_	_	@mm1995f-words#@mm1995f#2203.4412203.656
1098	/	/	PUNCT	_	_	_	_	_	@mm1995f-words#@mm1995f#2203.6562203.871
1099	я	я	PRON	_	Case=Nom|Number=Sing|Person=1	_	_	_	@mm1995f-words#@mm1995f#2203.8712204.086
1100	и	и	PART	_	_	_	_	_	@mm1995f-words#@mm1995f#2204.0862204.301
1101	не	не	PART	_	_	_	_	_	@mm1995f-words#@mm1995f#2204.3012204.516
1102	позволяла	позволять	VERB	_	Aspect=Imp|Gender=Fem|Mood=Ind|Number=Sing|Tense=Past|VerbForm=Fin|Voice=Act	_	_	_	@mm1995f-words#@mm1995f#2204.5162204.731
1103	себе	себя	PRON	_	Case=Dat	_	_	_	@mm1995f-words#@mm1995f#2204.7312204.946
1104	это	это	DET	_	Animacy=Inan|Case=Acc|Gender=Neut|Number=Sing	_	_	_	@mm1995f-words#@mm1995f#2204.9462205.161
1105	делать	делать	VERB	_	Aspect=Imp|VerbForm=Inf|Voice=Act	_	_	_	@mm1995f-words#@mm1995f#2205.1612205.377
